-- phpMyAdmin SQL Dump
-- version 5.2.1
-- https://www.phpmyadmin.net/
--
-- Host: 127.0.0.1
-- Generation Time: May 06, 2024 at 08:31 PM
-- Server version: 10.4.28-MariaDB
-- PHP Version: 8.2.4

SET SQL_MODE = "NO_AUTO_VALUE_ON_ZERO";
START TRANSACTION;
SET time_zone = "+00:00";


/*!40101 SET @OLD_CHARACTER_SET_CLIENT=@@CHARACTER_SET_CLIENT */;
/*!40101 SET @OLD_CHARACTER_SET_RESULTS=@@CHARACTER_SET_RESULTS */;
/*!40101 SET @OLD_COLLATION_CONNECTION=@@COLLATION_CONNECTION */;
/*!40101 SET NAMES utf8mb4 */;

--
-- Database: `laravel`
--

-- --------------------------------------------------------

--
-- Table structure for table `anaks`
--

CREATE TABLE `anaks` (
  `id` bigint(20) UNSIGNED NOT NULL,
  `image_path` varchar(255) DEFAULT NULL,
  `nama` varchar(255) NOT NULL,
  `nik` varchar(255) NOT NULL,
  `tanggal_lahir` date NOT NULL,
  `usia` varchar(255) NOT NULL,
  `jk` enum('Laki-laki','Perempuan') NOT NULL,
  `nama_ibu` varchar(255) NOT NULL,
  `created_at` timestamp NULL DEFAULT NULL,
  `updated_at` timestamp NULL DEFAULT NULL
) ENGINE=InnoDB DEFAULT CHARSET=utf8mb4 COLLATE=utf8mb4_unicode_ci;

--
-- Dumping data for table `anaks`
--

INSERT INTO `anaks` (`id`, `image_path`, `nama`, `nik`, `tanggal_lahir`, `usia`, `jk`, `nama_ibu`, `created_at`, `updated_at`) VALUES
(1, 'https://via.placeholder.com/640x480.png/0011cc?text=iusto', 'Herman Gerhold', '7020760223574295', '1989-07-07', '3 tahun 4 bulan', 'Perempuan', 'Prof. Verona Casper', '2024-05-06 11:27:36', '2024-05-06 11:27:36'),
(2, 'https://via.placeholder.com/640x480.png/00bb77?text=ut', 'Celine Krajcik II', '2668331670147516', '1978-09-02', '3 tahun 7 bulan', 'Perempuan', 'Mikayla Kovacek PhD', '2024-05-06 11:27:36', '2024-05-06 11:27:36'),
(3, 'https://via.placeholder.com/640x480.png/0055ff?text=molestiae', 'Mazie Oberbrunner', '3976052256449563', '1978-07-22', '4 tahun 2 bulan', 'Perempuan', 'Melisa Ullrich', '2024-05-06 11:27:36', '2024-05-06 11:27:36'),
(4, 'https://via.placeholder.com/640x480.png/0022aa?text=aspernatur', 'Emiliano Graham I', '1781323348666496', '1975-05-01', '4 tahun 2 bulan', 'Laki-laki', 'Lucious Olson', '2024-05-06 11:27:36', '2024-05-06 11:27:36'),
(5, 'https://via.placeholder.com/640x480.png/008888?text=placeat', 'Mark Cruickshank', '7288390637788606', '1976-08-12', '4 tahun 11 bulan', 'Perempuan', 'Otis Huels', '2024-05-06 11:27:36', '2024-05-06 11:27:36'),
(6, 'https://via.placeholder.com/640x480.png/0077cc?text=architecto', 'Jamir Cole', '0837765931389966', '1999-11-27', '5 tahun 6 bulan', 'Perempuan', 'Miss Maryam Hansen', '2024-05-06 11:27:37', '2024-05-06 11:27:37'),
(7, 'https://via.placeholder.com/640x480.png/00ff77?text=et', 'Margarette Douglas', '7171208143237985', '2007-07-20', '3 tahun 6 bulan', 'Perempuan', 'Dr. Marlon Langworth', '2024-05-06 11:27:37', '2024-05-06 11:27:37'),
(8, 'https://via.placeholder.com/640x480.png/00ffcc?text=quam', 'Prof. Joel Hane', '7892490521807855', '1975-12-11', '2 tahun 10 bulan', 'Laki-laki', 'Bulah Doyle DDS', '2024-05-06 11:27:37', '2024-05-06 11:27:37'),
(9, 'https://via.placeholder.com/640x480.png/0099bb?text=odio', 'Jerod Schmeler', '6907679681796689', '1997-09-01', '3 tahun 5 bulan', 'Perempuan', 'Sigurd Kohler', '2024-05-06 11:27:37', '2024-05-06 11:27:37'),
(10, 'https://via.placeholder.com/640x480.png/0022cc?text=sit', 'Miss Audra Will DDS', '1194621353915409', '2019-05-09', '4 tahun 9 bulan', 'Perempuan', 'Dr. Breana Farrell DVM', '2024-05-06 11:27:37', '2024-05-06 11:27:37'),
(11, 'https://via.placeholder.com/640x480.png/0055aa?text=placeat', 'Mrs. Annamae White DVM', '9393393716036385', '1979-09-27', '4 tahun 9 bulan', 'Laki-laki', 'Dr. Vicente Boyle PhD', '2024-05-06 11:27:37', '2024-05-06 11:27:37'),
(12, 'https://via.placeholder.com/640x480.png/0033ee?text=qui', 'Mr. Santa Emmerich', '0064996943869276', '1970-06-26', '2 tahun 2 bulan', 'Laki-laki', 'Fiona Labadie', '2024-05-06 11:27:37', '2024-05-06 11:27:37'),
(13, 'https://via.placeholder.com/640x480.png/0011ff?text=molestiae', 'Kelley Bogisich DDS', '6576499560298917', '1997-10-22', '3 tahun 1 bulan', 'Laki-laki', 'Prof. Santiago Jenkins Jr.', '2024-05-06 11:27:38', '2024-05-06 11:27:38'),
(14, 'https://via.placeholder.com/640x480.png/004477?text=sint', 'Prof. Lelah Mohr DVM', '4484370224157897', '1989-03-07', '5 tahun 3 bulan', 'Perempuan', 'Cale Hermiston I', '2024-05-06 11:27:38', '2024-05-06 11:27:38'),
(15, 'https://via.placeholder.com/640x480.png/004466?text=autem', 'Mrs. Samanta Nikolaus Sr.', '9448375940541023', '2015-06-16', '1 tahun 5 bulan', 'Laki-laki', 'Yazmin Price II', '2024-05-06 11:27:38', '2024-05-06 11:27:38'),
(16, 'https://via.placeholder.com/640x480.png/00ee88?text=libero', 'Dr. Sydni Stroman I', '2457871952344463', '2006-05-19', '2 tahun 1 bulan', 'Perempuan', 'Prof. Ross Trantow MD', '2024-05-06 11:27:38', '2024-05-06 11:27:38'),
(17, 'https://via.placeholder.com/640x480.png/00dd99?text=voluptate', 'Albina Kessler II', '7048614604179360', '2004-10-25', '2 tahun 9 bulan', 'Laki-laki', 'Edythe Hayes', '2024-05-06 11:27:38', '2024-05-06 11:27:38'),
(18, 'https://via.placeholder.com/640x480.png/0066dd?text=aut', 'Natalie Harvey', '7840139457860018', '1979-04-03', '1 tahun 6 bulan', 'Laki-laki', 'Ivah Adams II', '2024-05-06 11:27:38', '2024-05-06 11:27:38'),
(19, 'https://via.placeholder.com/640x480.png/00ee88?text=molestiae', 'Brandy Ryan', '1844956609439182', '1978-04-05', '2 tahun 5 bulan', 'Laki-laki', 'Ella Anderson', '2024-05-06 11:27:38', '2024-05-06 11:27:38'),
(20, 'https://via.placeholder.com/640x480.png/005544?text=maiores', 'Ken Witting', '5057764932993232', '1975-05-24', '2 tahun 8 bulan', 'Laki-laki', 'Prof. Wilfredo Abernathy', '2024-05-06 11:27:39', '2024-05-06 11:27:39'),
(21, 'https://via.placeholder.com/640x480.png/00ccdd?text=est', 'Rowland Rempel', '1022465372569462', '2005-02-11', '2 tahun 8 bulan', 'Perempuan', 'Leanna Ondricka', '2024-05-06 11:27:39', '2024-05-06 11:27:39'),
(22, 'https://via.placeholder.com/640x480.png/0022bb?text=quas', 'Mr. David Rowe', '3949140765387639', '1980-02-20', '3 tahun 6 bulan', 'Perempuan', 'Lew Hauck Jr.', '2024-05-06 11:27:39', '2024-05-06 11:27:39'),
(23, 'https://via.placeholder.com/640x480.png/006611?text=error', 'Lyric Oberbrunner', '7423170743564040', '2018-01-20', '3 tahun 4 bulan', 'Perempuan', 'Tyler Reilly', '2024-05-06 11:27:39', '2024-05-06 11:27:39'),
(24, 'https://via.placeholder.com/640x480.png/00ddff?text=assumenda', 'Aurore Jones', '3413165514016612', '1998-10-01', '2 tahun ', 'Laki-laki', 'Josefina Casper', '2024-05-06 11:27:39', '2024-05-06 11:27:39'),
(25, 'https://via.placeholder.com/640x480.png/005577?text=nihil', 'Jade Cronin', '9330562649817101', '2021-02-08', '1 tahun 7 bulan', 'Laki-laki', 'Ms. Susana Senger', '2024-05-06 11:27:39', '2024-05-06 11:27:39'),
(26, 'https://via.placeholder.com/640x480.png/0033aa?text=voluptate', 'Abdiel Block', '0246447945499268', '2022-09-11', '3 tahun 5 bulan', 'Laki-laki', 'Piper Parisian', '2024-05-06 11:27:39', '2024-05-06 11:27:39'),
(27, 'https://via.placeholder.com/640x480.png/00bb11?text=vel', 'Prof. Viviane Williamson', '8485398785002653', '2005-08-14', '3 tahun 5 bulan', 'Perempuan', 'Sydnee Stiedemann Jr.', '2024-05-06 11:27:39', '2024-05-06 11:27:39'),
(28, 'https://via.placeholder.com/640x480.png/0099aa?text=ut', 'Domenick McClure', '3196590325186388', '1979-09-23', '1 tahun 6 bulan', 'Laki-laki', 'Joyce Walsh', '2024-05-06 11:27:40', '2024-05-06 11:27:40'),
(29, 'https://via.placeholder.com/640x480.png/0088aa?text=nobis', 'Josiane Smith', '7374915889839500', '2015-06-10', '4 tahun 11 bulan', 'Perempuan', 'Prof. Dagmar Pollich MD', '2024-05-06 11:27:40', '2024-05-06 11:27:40'),
(30, 'https://via.placeholder.com/640x480.png/0088ff?text=facere', 'Reva Fay', '7916596868101414', '1976-10-12', '3 tahun 9 bulan', 'Perempuan', 'Velma Gislason', '2024-05-06 11:27:40', '2024-05-06 11:27:40');

-- --------------------------------------------------------

--
-- Table structure for table `berats`
--

CREATE TABLE `berats` (
  `id` bigint(20) UNSIGNED NOT NULL,
  `tanggal` date NOT NULL,
  `berat` varchar(255) NOT NULL,
  `anak_id` bigint(20) UNSIGNED NOT NULL,
  `created_at` timestamp NULL DEFAULT NULL,
  `updated_at` timestamp NULL DEFAULT NULL
) ENGINE=InnoDB DEFAULT CHARSET=utf8mb4 COLLATE=utf8mb4_unicode_ci;

--
-- Dumping data for table `berats`
--

INSERT INTO `berats` (`id`, `tanggal`, `berat`, `anak_id`, `created_at`, `updated_at`) VALUES
(1, '2024-04-13', '3.6 kg', 1, '2024-05-06 11:27:36', '2024-05-06 11:27:36'),
(2, '2024-04-12', '6.5 kg', 1, '2024-05-06 11:27:36', '2024-05-06 11:27:36'),
(3, '2024-04-14', '2.9 kg', 1, '2024-05-06 11:27:36', '2024-05-06 11:27:36'),
(4, '2024-05-03', '8.9 kg', 1, '2024-05-06 11:27:36', '2024-05-06 11:27:36'),
(5, '2024-04-11', '6.7 kg', 1, '2024-05-06 11:27:36', '2024-05-06 11:27:36'),
(6, '2024-04-22', '8 kg', 1, '2024-05-06 11:27:36', '2024-05-06 11:27:36'),
(7, '2024-04-12', '9.2 kg', 1, '2024-05-06 11:27:36', '2024-05-06 11:27:36'),
(8, '2024-04-30', '5.2 kg', 1, '2024-05-06 11:27:36', '2024-05-06 11:27:36'),
(9, '2024-04-27', '8.8 kg', 1, '2024-05-06 11:27:36', '2024-05-06 11:27:36'),
(10, '2024-04-25', '3 kg', 1, '2024-05-06 11:27:36', '2024-05-06 11:27:36'),
(11, '2024-04-14', '2 kg', 1, '2024-05-06 11:27:36', '2024-05-06 11:27:36'),
(12, '2024-04-21', '4.6 kg', 1, '2024-05-06 11:27:36', '2024-05-06 11:27:36'),
(13, '2024-04-25', '1.6 kg', 1, '2024-05-06 11:27:36', '2024-05-06 11:27:36'),
(14, '2024-04-25', '7.9 kg', 1, '2024-05-06 11:27:36', '2024-05-06 11:27:36'),
(15, '2024-04-20', '9.5 kg', 1, '2024-05-06 11:27:36', '2024-05-06 11:27:36'),
(16, '2024-05-01', '0.6 kg', 1, '2024-05-06 11:27:36', '2024-05-06 11:27:36'),
(17, '2024-04-13', '4.5 kg', 1, '2024-05-06 11:27:36', '2024-05-06 11:27:36'),
(18, '2024-04-25', '9.8 kg', 1, '2024-05-06 11:27:36', '2024-05-06 11:27:36'),
(19, '2024-05-01', '1.1 kg', 1, '2024-05-06 11:27:36', '2024-05-06 11:27:36'),
(20, '2024-04-30', '5 kg', 1, '2024-05-06 11:27:36', '2024-05-06 11:27:36'),
(21, '2024-04-30', '1 kg', 1, '2024-05-06 11:27:36', '2024-05-06 11:27:36'),
(22, '2024-04-22', '3.5 kg', 1, '2024-05-06 11:27:36', '2024-05-06 11:27:36'),
(23, '2024-05-02', '4.4 kg', 1, '2024-05-06 11:27:36', '2024-05-06 11:27:36'),
(24, '2024-04-12', '9.8 kg', 1, '2024-05-06 11:27:36', '2024-05-06 11:27:36'),
(25, '2024-04-16', '8.2 kg', 1, '2024-05-06 11:27:36', '2024-05-06 11:27:36'),
(26, '2024-04-25', '8.1 kg', 1, '2024-05-06 11:27:36', '2024-05-06 11:27:36'),
(27, '2024-04-09', '0.8 kg', 1, '2024-05-06 11:27:36', '2024-05-06 11:27:36'),
(28, '2024-04-13', '8.3 kg', 1, '2024-05-06 11:27:36', '2024-05-06 11:27:36'),
(29, '2024-04-06', '2.3 kg', 1, '2024-05-06 11:27:36', '2024-05-06 11:27:36'),
(30, '2024-04-28', '6 kg', 1, '2024-05-06 11:27:36', '2024-05-06 11:27:36'),
(31, '2024-04-27', '5.6 kg', 2, '2024-05-06 11:27:36', '2024-05-06 11:27:36'),
(32, '2024-04-26', '0.6 kg', 2, '2024-05-06 11:27:36', '2024-05-06 11:27:36'),
(33, '2024-04-29', '2.1 kg', 2, '2024-05-06 11:27:36', '2024-05-06 11:27:36'),
(34, '2024-04-23', '4.4 kg', 2, '2024-05-06 11:27:36', '2024-05-06 11:27:36'),
(35, '2024-04-28', '2.9 kg', 2, '2024-05-06 11:27:36', '2024-05-06 11:27:36'),
(36, '2024-04-20', '4.3 kg', 2, '2024-05-06 11:27:36', '2024-05-06 11:27:36'),
(37, '2024-05-03', '8.4 kg', 2, '2024-05-06 11:27:36', '2024-05-06 11:27:36'),
(38, '2024-04-19', '2.8 kg', 2, '2024-05-06 11:27:36', '2024-05-06 11:27:36'),
(39, '2024-04-11', '5.4 kg', 2, '2024-05-06 11:27:36', '2024-05-06 11:27:36'),
(40, '2024-05-05', '6.5 kg', 2, '2024-05-06 11:27:36', '2024-05-06 11:27:36'),
(41, '2024-04-29', '2.5 kg', 2, '2024-05-06 11:27:36', '2024-05-06 11:27:36'),
(42, '2024-05-02', '8.2 kg', 2, '2024-05-06 11:27:36', '2024-05-06 11:27:36'),
(43, '2024-04-19', '7.7 kg', 2, '2024-05-06 11:27:36', '2024-05-06 11:27:36'),
(44, '2024-04-18', '6.6 kg', 2, '2024-05-06 11:27:36', '2024-05-06 11:27:36'),
(45, '2024-04-09', '3.7 kg', 2, '2024-05-06 11:27:36', '2024-05-06 11:27:36'),
(46, '2024-04-11', '1.9 kg', 2, '2024-05-06 11:27:36', '2024-05-06 11:27:36'),
(47, '2024-05-02', '8.7 kg', 2, '2024-05-06 11:27:36', '2024-05-06 11:27:36'),
(48, '2024-05-04', '8.7 kg', 2, '2024-05-06 11:27:36', '2024-05-06 11:27:36'),
(49, '2024-04-27', '3.4 kg', 2, '2024-05-06 11:27:36', '2024-05-06 11:27:36'),
(50, '2024-04-13', '7.1 kg', 2, '2024-05-06 11:27:36', '2024-05-06 11:27:36'),
(51, '2024-04-08', '3.6 kg', 2, '2024-05-06 11:27:36', '2024-05-06 11:27:36'),
(52, '2024-04-29', '0.6 kg', 2, '2024-05-06 11:27:36', '2024-05-06 11:27:36'),
(53, '2024-04-24', '8.2 kg', 2, '2024-05-06 11:27:36', '2024-05-06 11:27:36'),
(54, '2024-04-11', '8.9 kg', 2, '2024-05-06 11:27:36', '2024-05-06 11:27:36'),
(55, '2024-04-13', '3.6 kg', 2, '2024-05-06 11:27:36', '2024-05-06 11:27:36'),
(56, '2024-04-07', '7.1 kg', 2, '2024-05-06 11:27:36', '2024-05-06 11:27:36'),
(57, '2024-04-12', '2.3 kg', 2, '2024-05-06 11:27:36', '2024-05-06 11:27:36'),
(58, '2024-05-05', '2.6 kg', 2, '2024-05-06 11:27:36', '2024-05-06 11:27:36'),
(59, '2024-04-16', '6.6 kg', 2, '2024-05-06 11:27:36', '2024-05-06 11:27:36'),
(60, '2024-04-13', '8.8 kg', 2, '2024-05-06 11:27:36', '2024-05-06 11:27:36'),
(61, '2024-04-16', '6.7 kg', 3, '2024-05-06 11:27:36', '2024-05-06 11:27:36'),
(62, '2024-05-01', '4.8 kg', 3, '2024-05-06 11:27:36', '2024-05-06 11:27:36'),
(63, '2024-04-24', '1.6 kg', 3, '2024-05-06 11:27:36', '2024-05-06 11:27:36'),
(64, '2024-04-08', '1.6 kg', 3, '2024-05-06 11:27:36', '2024-05-06 11:27:36'),
(65, '2024-05-06', '1 kg', 3, '2024-05-06 11:27:36', '2024-05-06 11:27:36'),
(66, '2024-05-05', '1.4 kg', 3, '2024-05-06 11:27:36', '2024-05-06 11:27:36'),
(67, '2024-04-23', '2.9 kg', 3, '2024-05-06 11:27:36', '2024-05-06 11:27:36'),
(68, '2024-04-18', '2.6 kg', 3, '2024-05-06 11:27:36', '2024-05-06 11:27:36'),
(69, '2024-05-06', '6.2 kg', 3, '2024-05-06 11:27:36', '2024-05-06 11:27:36'),
(70, '2024-05-01', '4.1 kg', 3, '2024-05-06 11:27:36', '2024-05-06 11:27:36'),
(71, '2024-04-20', '1.7 kg', 3, '2024-05-06 11:27:36', '2024-05-06 11:27:36'),
(72, '2024-04-15', '6.7 kg', 3, '2024-05-06 11:27:36', '2024-05-06 11:27:36'),
(73, '2024-04-19', '3.5 kg', 3, '2024-05-06 11:27:36', '2024-05-06 11:27:36'),
(74, '2024-05-05', '0.3 kg', 3, '2024-05-06 11:27:36', '2024-05-06 11:27:36'),
(75, '2024-04-23', '7.3 kg', 3, '2024-05-06 11:27:36', '2024-05-06 11:27:36'),
(76, '2024-04-20', '4.5 kg', 3, '2024-05-06 11:27:36', '2024-05-06 11:27:36'),
(77, '2024-05-02', '1.5 kg', 3, '2024-05-06 11:27:36', '2024-05-06 11:27:36'),
(78, '2024-04-22', '3.6 kg', 3, '2024-05-06 11:27:36', '2024-05-06 11:27:36'),
(79, '2024-04-20', '0.2 kg', 3, '2024-05-06 11:27:36', '2024-05-06 11:27:36'),
(80, '2024-04-29', '9.9 kg', 3, '2024-05-06 11:27:36', '2024-05-06 11:27:36'),
(81, '2024-04-24', '4.5 kg', 3, '2024-05-06 11:27:36', '2024-05-06 11:27:36'),
(82, '2024-04-22', '0.4 kg', 3, '2024-05-06 11:27:36', '2024-05-06 11:27:36'),
(83, '2024-04-10', '3.3 kg', 3, '2024-05-06 11:27:36', '2024-05-06 11:27:36'),
(84, '2024-04-19', '8.7 kg', 3, '2024-05-06 11:27:36', '2024-05-06 11:27:36'),
(85, '2024-04-26', '4.7 kg', 3, '2024-05-06 11:27:36', '2024-05-06 11:27:36'),
(86, '2024-04-29', '1.6 kg', 3, '2024-05-06 11:27:36', '2024-05-06 11:27:36'),
(87, '2024-04-18', '3.8 kg', 3, '2024-05-06 11:27:36', '2024-05-06 11:27:36'),
(88, '2024-05-05', '1.6 kg', 3, '2024-05-06 11:27:36', '2024-05-06 11:27:36'),
(89, '2024-04-09', '5.6 kg', 3, '2024-05-06 11:27:36', '2024-05-06 11:27:36'),
(90, '2024-04-22', '2.5 kg', 3, '2024-05-06 11:27:36', '2024-05-06 11:27:36'),
(91, '2024-04-28', '7.2 kg', 4, '2024-05-06 11:27:36', '2024-05-06 11:27:36'),
(92, '2024-04-08', '5.3 kg', 4, '2024-05-06 11:27:36', '2024-05-06 11:27:36'),
(93, '2024-04-11', '6.4 kg', 4, '2024-05-06 11:27:36', '2024-05-06 11:27:36'),
(94, '2024-04-23', '7.9 kg', 4, '2024-05-06 11:27:36', '2024-05-06 11:27:36'),
(95, '2024-04-09', '1 kg', 4, '2024-05-06 11:27:36', '2024-05-06 11:27:36'),
(96, '2024-04-18', '7.1 kg', 4, '2024-05-06 11:27:36', '2024-05-06 11:27:36'),
(97, '2024-04-19', '3.5 kg', 4, '2024-05-06 11:27:36', '2024-05-06 11:27:36'),
(98, '2024-05-03', '7.4 kg', 4, '2024-05-06 11:27:36', '2024-05-06 11:27:36'),
(99, '2024-04-08', '5.3 kg', 4, '2024-05-06 11:27:36', '2024-05-06 11:27:36'),
(100, '2024-04-12', '5.8 kg', 4, '2024-05-06 11:27:36', '2024-05-06 11:27:36'),
(101, '2024-04-29', '9.6 kg', 4, '2024-05-06 11:27:36', '2024-05-06 11:27:36'),
(102, '2024-05-06', '7.1 kg', 4, '2024-05-06 11:27:36', '2024-05-06 11:27:36'),
(103, '2024-04-22', '4.1 kg', 4, '2024-05-06 11:27:36', '2024-05-06 11:27:36'),
(104, '2024-05-03', '7.8 kg', 4, '2024-05-06 11:27:36', '2024-05-06 11:27:36'),
(105, '2024-05-02', '9.1 kg', 4, '2024-05-06 11:27:36', '2024-05-06 11:27:36'),
(106, '2024-05-02', '4.1 kg', 4, '2024-05-06 11:27:36', '2024-05-06 11:27:36'),
(107, '2024-04-18', '5 kg', 4, '2024-05-06 11:27:36', '2024-05-06 11:27:36'),
(108, '2024-05-04', '7.1 kg', 4, '2024-05-06 11:27:36', '2024-05-06 11:27:36'),
(109, '2024-05-05', '0.9 kg', 4, '2024-05-06 11:27:36', '2024-05-06 11:27:36'),
(110, '2024-04-22', '2.2 kg', 4, '2024-05-06 11:27:36', '2024-05-06 11:27:36'),
(111, '2024-04-22', '4.2 kg', 4, '2024-05-06 11:27:36', '2024-05-06 11:27:36'),
(112, '2024-04-08', '1.2 kg', 4, '2024-05-06 11:27:36', '2024-05-06 11:27:36'),
(113, '2024-04-20', '8.8 kg', 4, '2024-05-06 11:27:36', '2024-05-06 11:27:36'),
(114, '2024-04-19', '2.5 kg', 4, '2024-05-06 11:27:36', '2024-05-06 11:27:36'),
(115, '2024-04-13', '3.9 kg', 4, '2024-05-06 11:27:36', '2024-05-06 11:27:36'),
(116, '2024-05-05', '4.1 kg', 4, '2024-05-06 11:27:36', '2024-05-06 11:27:36'),
(117, '2024-04-08', '8.2 kg', 4, '2024-05-06 11:27:36', '2024-05-06 11:27:36'),
(118, '2024-04-30', '3.7 kg', 4, '2024-05-06 11:27:36', '2024-05-06 11:27:36'),
(119, '2024-04-26', '5.2 kg', 4, '2024-05-06 11:27:36', '2024-05-06 11:27:36'),
(120, '2024-04-08', '3.8 kg', 4, '2024-05-06 11:27:36', '2024-05-06 11:27:36'),
(121, '2024-04-26', '8.8 kg', 5, '2024-05-06 11:27:36', '2024-05-06 11:27:36'),
(122, '2024-04-30', '7.8 kg', 5, '2024-05-06 11:27:36', '2024-05-06 11:27:36'),
(123, '2024-04-21', '4.4 kg', 5, '2024-05-06 11:27:36', '2024-05-06 11:27:36'),
(124, '2024-04-22', '6.5 kg', 5, '2024-05-06 11:27:36', '2024-05-06 11:27:36'),
(125, '2024-04-11', '5.1 kg', 5, '2024-05-06 11:27:36', '2024-05-06 11:27:36'),
(126, '2024-04-18', '5.2 kg', 5, '2024-05-06 11:27:36', '2024-05-06 11:27:36'),
(127, '2024-05-02', '7.2 kg', 5, '2024-05-06 11:27:36', '2024-05-06 11:27:36'),
(128, '2024-05-02', '6.6 kg', 5, '2024-05-06 11:27:36', '2024-05-06 11:27:36'),
(129, '2024-04-19', '9.8 kg', 5, '2024-05-06 11:27:36', '2024-05-06 11:27:36'),
(130, '2024-04-30', '3 kg', 5, '2024-05-06 11:27:36', '2024-05-06 11:27:36'),
(131, '2024-04-11', '8 kg', 5, '2024-05-06 11:27:36', '2024-05-06 11:27:36'),
(132, '2024-04-23', '4.8 kg', 5, '2024-05-06 11:27:36', '2024-05-06 11:27:36'),
(133, '2024-04-26', '0.6 kg', 5, '2024-05-06 11:27:36', '2024-05-06 11:27:36'),
(134, '2024-04-08', '0.4 kg', 5, '2024-05-06 11:27:36', '2024-05-06 11:27:36'),
(135, '2024-04-21', '8.8 kg', 5, '2024-05-06 11:27:37', '2024-05-06 11:27:37'),
(136, '2024-04-18', '5.3 kg', 5, '2024-05-06 11:27:37', '2024-05-06 11:27:37'),
(137, '2024-04-23', '4.6 kg', 5, '2024-05-06 11:27:37', '2024-05-06 11:27:37'),
(138, '2024-05-01', '10 kg', 5, '2024-05-06 11:27:37', '2024-05-06 11:27:37'),
(139, '2024-04-28', '6.2 kg', 5, '2024-05-06 11:27:37', '2024-05-06 11:27:37'),
(140, '2024-04-17', '4.9 kg', 5, '2024-05-06 11:27:37', '2024-05-06 11:27:37'),
(141, '2024-04-25', '6 kg', 5, '2024-05-06 11:27:37', '2024-05-06 11:27:37'),
(142, '2024-04-17', '7.6 kg', 5, '2024-05-06 11:27:37', '2024-05-06 11:27:37'),
(143, '2024-04-23', '8.5 kg', 5, '2024-05-06 11:27:37', '2024-05-06 11:27:37'),
(144, '2024-04-29', '2.3 kg', 5, '2024-05-06 11:27:37', '2024-05-06 11:27:37'),
(145, '2024-05-06', '3.4 kg', 5, '2024-05-06 11:27:37', '2024-05-06 11:27:37'),
(146, '2024-04-06', '8.2 kg', 5, '2024-05-06 11:27:37', '2024-05-06 11:27:37'),
(147, '2024-04-29', '9.2 kg', 5, '2024-05-06 11:27:37', '2024-05-06 11:27:37'),
(148, '2024-05-01', '2.4 kg', 5, '2024-05-06 11:27:37', '2024-05-06 11:27:37'),
(149, '2024-04-22', '0.8 kg', 5, '2024-05-06 11:27:37', '2024-05-06 11:27:37'),
(150, '2024-05-02', '3.3 kg', 5, '2024-05-06 11:27:37', '2024-05-06 11:27:37'),
(151, '2024-04-22', '0.7 kg', 6, '2024-05-06 11:27:37', '2024-05-06 11:27:37'),
(152, '2024-04-24', '8.7 kg', 6, '2024-05-06 11:27:37', '2024-05-06 11:27:37'),
(153, '2024-04-19', '3.3 kg', 6, '2024-05-06 11:27:37', '2024-05-06 11:27:37'),
(154, '2024-04-28', '2.6 kg', 6, '2024-05-06 11:27:37', '2024-05-06 11:27:37'),
(155, '2024-05-05', '3.4 kg', 6, '2024-05-06 11:27:37', '2024-05-06 11:27:37'),
(156, '2024-04-15', '9.8 kg', 6, '2024-05-06 11:27:37', '2024-05-06 11:27:37'),
(157, '2024-04-23', '3.7 kg', 6, '2024-05-06 11:27:37', '2024-05-06 11:27:37'),
(158, '2024-05-01', '6.3 kg', 6, '2024-05-06 11:27:37', '2024-05-06 11:27:37'),
(159, '2024-04-12', '8.3 kg', 6, '2024-05-06 11:27:37', '2024-05-06 11:27:37'),
(160, '2024-04-21', '0.7 kg', 6, '2024-05-06 11:27:37', '2024-05-06 11:27:37'),
(161, '2024-04-15', '4.7 kg', 6, '2024-05-06 11:27:37', '2024-05-06 11:27:37'),
(162, '2024-04-22', '4.5 kg', 6, '2024-05-06 11:27:37', '2024-05-06 11:27:37'),
(163, '2024-04-15', '2.3 kg', 6, '2024-05-06 11:27:37', '2024-05-06 11:27:37'),
(164, '2024-05-05', '2.1 kg', 6, '2024-05-06 11:27:37', '2024-05-06 11:27:37'),
(165, '2024-05-04', '4.9 kg', 6, '2024-05-06 11:27:37', '2024-05-06 11:27:37'),
(166, '2024-05-05', '9.7 kg', 6, '2024-05-06 11:27:37', '2024-05-06 11:27:37'),
(167, '2024-04-08', '6.4 kg', 6, '2024-05-06 11:27:37', '2024-05-06 11:27:37'),
(168, '2024-04-22', '1.9 kg', 6, '2024-05-06 11:27:37', '2024-05-06 11:27:37'),
(169, '2024-04-27', '6.7 kg', 6, '2024-05-06 11:27:37', '2024-05-06 11:27:37'),
(170, '2024-04-19', '3.9 kg', 6, '2024-05-06 11:27:37', '2024-05-06 11:27:37'),
(171, '2024-04-12', '7.8 kg', 6, '2024-05-06 11:27:37', '2024-05-06 11:27:37'),
(172, '2024-04-19', '9.7 kg', 6, '2024-05-06 11:27:37', '2024-05-06 11:27:37'),
(173, '2024-04-21', '5 kg', 6, '2024-05-06 11:27:37', '2024-05-06 11:27:37'),
(174, '2024-04-21', '4.6 kg', 6, '2024-05-06 11:27:37', '2024-05-06 11:27:37'),
(175, '2024-04-30', '6.9 kg', 6, '2024-05-06 11:27:37', '2024-05-06 11:27:37'),
(176, '2024-04-17', '3.8 kg', 6, '2024-05-06 11:27:37', '2024-05-06 11:27:37'),
(177, '2024-05-01', '5.5 kg', 6, '2024-05-06 11:27:37', '2024-05-06 11:27:37'),
(178, '2024-04-28', '6.2 kg', 6, '2024-05-06 11:27:37', '2024-05-06 11:27:37'),
(179, '2024-04-17', '2.2 kg', 6, '2024-05-06 11:27:37', '2024-05-06 11:27:37'),
(180, '2024-04-15', '1.9 kg', 6, '2024-05-06 11:27:37', '2024-05-06 11:27:37'),
(181, '2024-04-20', '3.2 kg', 7, '2024-05-06 11:27:37', '2024-05-06 11:27:37'),
(182, '2024-04-24', '6.2 kg', 7, '2024-05-06 11:27:37', '2024-05-06 11:27:37'),
(183, '2024-04-27', '7 kg', 7, '2024-05-06 11:27:37', '2024-05-06 11:27:37'),
(184, '2024-04-08', '1 kg', 7, '2024-05-06 11:27:37', '2024-05-06 11:27:37'),
(185, '2024-04-15', '7.3 kg', 7, '2024-05-06 11:27:37', '2024-05-06 11:27:37'),
(186, '2024-04-10', '4.6 kg', 7, '2024-05-06 11:27:37', '2024-05-06 11:27:37'),
(187, '2024-04-20', '3.9 kg', 7, '2024-05-06 11:27:37', '2024-05-06 11:27:37'),
(188, '2024-04-28', '6.4 kg', 7, '2024-05-06 11:27:37', '2024-05-06 11:27:37'),
(189, '2024-04-07', '6.6 kg', 7, '2024-05-06 11:27:37', '2024-05-06 11:27:37'),
(190, '2024-05-06', '7.3 kg', 7, '2024-05-06 11:27:37', '2024-05-06 11:27:37'),
(191, '2024-04-19', '4.3 kg', 7, '2024-05-06 11:27:37', '2024-05-06 11:27:37'),
(192, '2024-04-30', '9.2 kg', 7, '2024-05-06 11:27:37', '2024-05-06 11:27:37'),
(193, '2024-04-21', '6 kg', 7, '2024-05-06 11:27:37', '2024-05-06 11:27:37'),
(194, '2024-04-24', '2.1 kg', 7, '2024-05-06 11:27:37', '2024-05-06 11:27:37'),
(195, '2024-04-18', '7.5 kg', 7, '2024-05-06 11:27:37', '2024-05-06 11:27:37'),
(196, '2024-05-06', '8.6 kg', 7, '2024-05-06 11:27:37', '2024-05-06 11:27:37'),
(197, '2024-04-09', '2.7 kg', 7, '2024-05-06 11:27:37', '2024-05-06 11:27:37'),
(198, '2024-04-25', '4.5 kg', 7, '2024-05-06 11:27:37', '2024-05-06 11:27:37'),
(199, '2024-04-16', '7.4 kg', 7, '2024-05-06 11:27:37', '2024-05-06 11:27:37'),
(200, '2024-04-23', '4.7 kg', 7, '2024-05-06 11:27:37', '2024-05-06 11:27:37'),
(201, '2024-04-22', '0.9 kg', 7, '2024-05-06 11:27:37', '2024-05-06 11:27:37'),
(202, '2024-04-08', '2.3 kg', 7, '2024-05-06 11:27:37', '2024-05-06 11:27:37'),
(203, '2024-04-19', '9.2 kg', 7, '2024-05-06 11:27:37', '2024-05-06 11:27:37'),
(204, '2024-05-02', '6 kg', 7, '2024-05-06 11:27:37', '2024-05-06 11:27:37'),
(205, '2024-04-27', '7.2 kg', 7, '2024-05-06 11:27:37', '2024-05-06 11:27:37'),
(206, '2024-04-30', '3.1 kg', 7, '2024-05-06 11:27:37', '2024-05-06 11:27:37'),
(207, '2024-04-19', '5.5 kg', 7, '2024-05-06 11:27:37', '2024-05-06 11:27:37'),
(208, '2024-04-24', '6.1 kg', 7, '2024-05-06 11:27:37', '2024-05-06 11:27:37'),
(209, '2024-04-07', '1.1 kg', 7, '2024-05-06 11:27:37', '2024-05-06 11:27:37'),
(210, '2024-04-28', '1.8 kg', 7, '2024-05-06 11:27:37', '2024-05-06 11:27:37'),
(211, '2024-04-30', '7.3 kg', 8, '2024-05-06 11:27:37', '2024-05-06 11:27:37'),
(212, '2024-04-27', '4.1 kg', 8, '2024-05-06 11:27:37', '2024-05-06 11:27:37'),
(213, '2024-05-05', '2.2 kg', 8, '2024-05-06 11:27:37', '2024-05-06 11:27:37'),
(214, '2024-05-04', '8.1 kg', 8, '2024-05-06 11:27:37', '2024-05-06 11:27:37'),
(215, '2024-04-11', '6.6 kg', 8, '2024-05-06 11:27:37', '2024-05-06 11:27:37'),
(216, '2024-04-27', '6.2 kg', 8, '2024-05-06 11:27:37', '2024-05-06 11:27:37'),
(217, '2024-04-21', '9.8 kg', 8, '2024-05-06 11:27:37', '2024-05-06 11:27:37'),
(218, '2024-04-23', '8.4 kg', 8, '2024-05-06 11:27:37', '2024-05-06 11:27:37'),
(219, '2024-05-06', '9.5 kg', 8, '2024-05-06 11:27:37', '2024-05-06 11:27:37'),
(220, '2024-04-28', '1.3 kg', 8, '2024-05-06 11:27:37', '2024-05-06 11:27:37'),
(221, '2024-04-16', '8.5 kg', 8, '2024-05-06 11:27:37', '2024-05-06 11:27:37'),
(222, '2024-04-17', '1.9 kg', 8, '2024-05-06 11:27:37', '2024-05-06 11:27:37'),
(223, '2024-04-09', '9.8 kg', 8, '2024-05-06 11:27:37', '2024-05-06 11:27:37'),
(224, '2024-04-26', '5.7 kg', 8, '2024-05-06 11:27:37', '2024-05-06 11:27:37'),
(225, '2024-05-06', '0.6 kg', 8, '2024-05-06 11:27:37', '2024-05-06 11:27:37'),
(226, '2024-05-03', '2.3 kg', 8, '2024-05-06 11:27:37', '2024-05-06 11:27:37'),
(227, '2024-04-26', '7.4 kg', 8, '2024-05-06 11:27:37', '2024-05-06 11:27:37'),
(228, '2024-05-06', '5.4 kg', 8, '2024-05-06 11:27:37', '2024-05-06 11:27:37'),
(229, '2024-05-05', '8.5 kg', 8, '2024-05-06 11:27:37', '2024-05-06 11:27:37'),
(230, '2024-04-09', '3.9 kg', 8, '2024-05-06 11:27:37', '2024-05-06 11:27:37'),
(231, '2024-05-03', '0.5 kg', 8, '2024-05-06 11:27:37', '2024-05-06 11:27:37'),
(232, '2024-04-23', '7.9 kg', 8, '2024-05-06 11:27:37', '2024-05-06 11:27:37'),
(233, '2024-04-29', '5.3 kg', 8, '2024-05-06 11:27:37', '2024-05-06 11:27:37'),
(234, '2024-04-12', '7.4 kg', 8, '2024-05-06 11:27:37', '2024-05-06 11:27:37'),
(235, '2024-04-21', '6.7 kg', 8, '2024-05-06 11:27:37', '2024-05-06 11:27:37'),
(236, '2024-04-12', '1.8 kg', 8, '2024-05-06 11:27:37', '2024-05-06 11:27:37'),
(237, '2024-04-25', '8.1 kg', 8, '2024-05-06 11:27:37', '2024-05-06 11:27:37'),
(238, '2024-04-28', '2.3 kg', 8, '2024-05-06 11:27:37', '2024-05-06 11:27:37'),
(239, '2024-04-14', '0.7 kg', 8, '2024-05-06 11:27:37', '2024-05-06 11:27:37'),
(240, '2024-04-18', '9.8 kg', 8, '2024-05-06 11:27:37', '2024-05-06 11:27:37'),
(241, '2024-04-22', '7.7 kg', 9, '2024-05-06 11:27:37', '2024-05-06 11:27:37'),
(242, '2024-04-17', '8.6 kg', 9, '2024-05-06 11:27:37', '2024-05-06 11:27:37'),
(243, '2024-04-30', '0.8 kg', 9, '2024-05-06 11:27:37', '2024-05-06 11:27:37'),
(244, '2024-04-18', '4 kg', 9, '2024-05-06 11:27:37', '2024-05-06 11:27:37'),
(245, '2024-04-25', '0.9 kg', 9, '2024-05-06 11:27:37', '2024-05-06 11:27:37'),
(246, '2024-04-16', '2.3 kg', 9, '2024-05-06 11:27:37', '2024-05-06 11:27:37'),
(247, '2024-04-21', '5.8 kg', 9, '2024-05-06 11:27:37', '2024-05-06 11:27:37'),
(248, '2024-04-25', '5.2 kg', 9, '2024-05-06 11:27:37', '2024-05-06 11:27:37'),
(249, '2024-04-24', '3.4 kg', 9, '2024-05-06 11:27:37', '2024-05-06 11:27:37'),
(250, '2024-04-20', '0.4 kg', 9, '2024-05-06 11:27:37', '2024-05-06 11:27:37'),
(251, '2024-04-30', '3.6 kg', 9, '2024-05-06 11:27:37', '2024-05-06 11:27:37'),
(252, '2024-04-13', '2 kg', 9, '2024-05-06 11:27:37', '2024-05-06 11:27:37'),
(253, '2024-04-11', '9 kg', 9, '2024-05-06 11:27:37', '2024-05-06 11:27:37'),
(254, '2024-05-02', '4.5 kg', 9, '2024-05-06 11:27:37', '2024-05-06 11:27:37'),
(255, '2024-04-07', '3.6 kg', 9, '2024-05-06 11:27:37', '2024-05-06 11:27:37'),
(256, '2024-04-29', '4.2 kg', 9, '2024-05-06 11:27:37', '2024-05-06 11:27:37'),
(257, '2024-04-28', '4.2 kg', 9, '2024-05-06 11:27:37', '2024-05-06 11:27:37'),
(258, '2024-05-05', '6.8 kg', 9, '2024-05-06 11:27:37', '2024-05-06 11:27:37'),
(259, '2024-04-20', '8.7 kg', 9, '2024-05-06 11:27:37', '2024-05-06 11:27:37'),
(260, '2024-04-19', '9.4 kg', 9, '2024-05-06 11:27:37', '2024-05-06 11:27:37'),
(261, '2024-04-07', '3.1 kg', 9, '2024-05-06 11:27:37', '2024-05-06 11:27:37'),
(262, '2024-04-07', '3.3 kg', 9, '2024-05-06 11:27:37', '2024-05-06 11:27:37'),
(263, '2024-05-02', '0.4 kg', 9, '2024-05-06 11:27:37', '2024-05-06 11:27:37'),
(264, '2024-04-29', '5.9 kg', 9, '2024-05-06 11:27:37', '2024-05-06 11:27:37'),
(265, '2024-04-16', '0.8 kg', 9, '2024-05-06 11:27:37', '2024-05-06 11:27:37'),
(266, '2024-04-16', '3.5 kg', 9, '2024-05-06 11:27:37', '2024-05-06 11:27:37'),
(267, '2024-04-23', '6 kg', 9, '2024-05-06 11:27:37', '2024-05-06 11:27:37'),
(268, '2024-05-05', '8.6 kg', 9, '2024-05-06 11:27:37', '2024-05-06 11:27:37'),
(269, '2024-04-30', '8.3 kg', 9, '2024-05-06 11:27:37', '2024-05-06 11:27:37'),
(270, '2024-04-22', '7 kg', 9, '2024-05-06 11:27:37', '2024-05-06 11:27:37'),
(271, '2024-04-24', '1.9 kg', 10, '2024-05-06 11:27:37', '2024-05-06 11:27:37'),
(272, '2024-05-01', '4 kg', 10, '2024-05-06 11:27:37', '2024-05-06 11:27:37'),
(273, '2024-05-03', '6 kg', 10, '2024-05-06 11:27:37', '2024-05-06 11:27:37'),
(274, '2024-04-23', '2.9 kg', 10, '2024-05-06 11:27:37', '2024-05-06 11:27:37'),
(275, '2024-05-03', '3 kg', 10, '2024-05-06 11:27:37', '2024-05-06 11:27:37'),
(276, '2024-04-12', '5.6 kg', 10, '2024-05-06 11:27:37', '2024-05-06 11:27:37'),
(277, '2024-04-13', '9.2 kg', 10, '2024-05-06 11:27:37', '2024-05-06 11:27:37'),
(278, '2024-05-02', '10 kg', 10, '2024-05-06 11:27:37', '2024-05-06 11:27:37'),
(279, '2024-04-14', '3 kg', 10, '2024-05-06 11:27:37', '2024-05-06 11:27:37'),
(280, '2024-04-08', '7 kg', 10, '2024-05-06 11:27:37', '2024-05-06 11:27:37'),
(281, '2024-04-15', '1.8 kg', 10, '2024-05-06 11:27:37', '2024-05-06 11:27:37'),
(282, '2024-05-02', '2.6 kg', 10, '2024-05-06 11:27:37', '2024-05-06 11:27:37'),
(283, '2024-04-11', '7.5 kg', 10, '2024-05-06 11:27:37', '2024-05-06 11:27:37'),
(284, '2024-04-12', '6.4 kg', 10, '2024-05-06 11:27:37', '2024-05-06 11:27:37'),
(285, '2024-05-03', '1.1 kg', 10, '2024-05-06 11:27:37', '2024-05-06 11:27:37'),
(286, '2024-04-18', '3.5 kg', 10, '2024-05-06 11:27:37', '2024-05-06 11:27:37'),
(287, '2024-04-25', '2.4 kg', 10, '2024-05-06 11:27:37', '2024-05-06 11:27:37'),
(288, '2024-04-11', '9.4 kg', 10, '2024-05-06 11:27:37', '2024-05-06 11:27:37'),
(289, '2024-05-06', '0.5 kg', 10, '2024-05-06 11:27:37', '2024-05-06 11:27:37'),
(290, '2024-04-18', '7.4 kg', 10, '2024-05-06 11:27:37', '2024-05-06 11:27:37'),
(291, '2024-04-20', '7.9 kg', 10, '2024-05-06 11:27:37', '2024-05-06 11:27:37'),
(292, '2024-04-15', '3.9 kg', 10, '2024-05-06 11:27:37', '2024-05-06 11:27:37'),
(293, '2024-04-28', '0.2 kg', 10, '2024-05-06 11:27:37', '2024-05-06 11:27:37'),
(294, '2024-04-22', '6.9 kg', 10, '2024-05-06 11:27:37', '2024-05-06 11:27:37'),
(295, '2024-04-29', '7.9 kg', 10, '2024-05-06 11:27:37', '2024-05-06 11:27:37'),
(296, '2024-04-14', '9.1 kg', 10, '2024-05-06 11:27:37', '2024-05-06 11:27:37'),
(297, '2024-04-12', '7.5 kg', 10, '2024-05-06 11:27:37', '2024-05-06 11:27:37'),
(298, '2024-04-12', '3.4 kg', 10, '2024-05-06 11:27:37', '2024-05-06 11:27:37'),
(299, '2024-04-20', '1.3 kg', 10, '2024-05-06 11:27:37', '2024-05-06 11:27:37'),
(300, '2024-04-27', '6.3 kg', 10, '2024-05-06 11:27:37', '2024-05-06 11:27:37'),
(301, '2024-04-15', '8.8 kg', 11, '2024-05-06 11:27:37', '2024-05-06 11:27:37'),
(302, '2024-04-13', '5.2 kg', 11, '2024-05-06 11:27:37', '2024-05-06 11:27:37'),
(303, '2024-04-25', '5.7 kg', 11, '2024-05-06 11:27:37', '2024-05-06 11:27:37'),
(304, '2024-04-13', '9.3 kg', 11, '2024-05-06 11:27:37', '2024-05-06 11:27:37'),
(305, '2024-04-18', '7.7 kg', 11, '2024-05-06 11:27:37', '2024-05-06 11:27:37'),
(306, '2024-04-30', '8.1 kg', 11, '2024-05-06 11:27:37', '2024-05-06 11:27:37'),
(307, '2024-05-04', '4.5 kg', 11, '2024-05-06 11:27:37', '2024-05-06 11:27:37'),
(308, '2024-04-11', '0.7 kg', 11, '2024-05-06 11:27:37', '2024-05-06 11:27:37'),
(309, '2024-05-02', '6.3 kg', 11, '2024-05-06 11:27:37', '2024-05-06 11:27:37'),
(310, '2024-05-03', '6.8 kg', 11, '2024-05-06 11:27:37', '2024-05-06 11:27:37'),
(311, '2024-04-18', '1.2 kg', 11, '2024-05-06 11:27:37', '2024-05-06 11:27:37'),
(312, '2024-04-29', '9.2 kg', 11, '2024-05-06 11:27:37', '2024-05-06 11:27:37'),
(313, '2024-04-15', '9.1 kg', 11, '2024-05-06 11:27:37', '2024-05-06 11:27:37'),
(314, '2024-04-27', '8.7 kg', 11, '2024-05-06 11:27:37', '2024-05-06 11:27:37'),
(315, '2024-04-12', '3.3 kg', 11, '2024-05-06 11:27:37', '2024-05-06 11:27:37'),
(316, '2024-04-20', '9.7 kg', 11, '2024-05-06 11:27:37', '2024-05-06 11:27:37'),
(317, '2024-04-29', '2.3 kg', 11, '2024-05-06 11:27:37', '2024-05-06 11:27:37'),
(318, '2024-04-27', '4.7 kg', 11, '2024-05-06 11:27:37', '2024-05-06 11:27:37'),
(319, '2024-04-26', '9.8 kg', 11, '2024-05-06 11:27:37', '2024-05-06 11:27:37'),
(320, '2024-04-22', '1.9 kg', 11, '2024-05-06 11:27:37', '2024-05-06 11:27:37'),
(321, '2024-04-28', '4.6 kg', 11, '2024-05-06 11:27:37', '2024-05-06 11:27:37'),
(322, '2024-04-07', '8.6 kg', 11, '2024-05-06 11:27:37', '2024-05-06 11:27:37'),
(323, '2024-04-09', '8.3 kg', 11, '2024-05-06 11:27:37', '2024-05-06 11:27:37'),
(324, '2024-04-08', '0.6 kg', 11, '2024-05-06 11:27:37', '2024-05-06 11:27:37'),
(325, '2024-05-01', '2.8 kg', 11, '2024-05-06 11:27:37', '2024-05-06 11:27:37'),
(326, '2024-04-17', '4.3 kg', 11, '2024-05-06 11:27:37', '2024-05-06 11:27:37'),
(327, '2024-04-17', '2.3 kg', 11, '2024-05-06 11:27:37', '2024-05-06 11:27:37'),
(328, '2024-04-23', '6.5 kg', 11, '2024-05-06 11:27:37', '2024-05-06 11:27:37'),
(329, '2024-04-17', '3 kg', 11, '2024-05-06 11:27:37', '2024-05-06 11:27:37'),
(330, '2024-04-15', '9.7 kg', 11, '2024-05-06 11:27:37', '2024-05-06 11:27:37'),
(331, '2024-04-23', '0.4 kg', 12, '2024-05-06 11:27:37', '2024-05-06 11:27:37'),
(332, '2024-05-05', '8.7 kg', 12, '2024-05-06 11:27:37', '2024-05-06 11:27:37'),
(333, '2024-04-29', '8.6 kg', 12, '2024-05-06 11:27:38', '2024-05-06 11:27:38'),
(334, '2024-04-08', '9.6 kg', 12, '2024-05-06 11:27:38', '2024-05-06 11:27:38'),
(335, '2024-04-17', '9.6 kg', 12, '2024-05-06 11:27:38', '2024-05-06 11:27:38'),
(336, '2024-04-24', '2.1 kg', 12, '2024-05-06 11:27:38', '2024-05-06 11:27:38'),
(337, '2024-04-11', '3.6 kg', 12, '2024-05-06 11:27:38', '2024-05-06 11:27:38'),
(338, '2024-05-02', '5.9 kg', 12, '2024-05-06 11:27:38', '2024-05-06 11:27:38'),
(339, '2024-04-09', '5.5 kg', 12, '2024-05-06 11:27:38', '2024-05-06 11:27:38'),
(340, '2024-04-16', '5.6 kg', 12, '2024-05-06 11:27:38', '2024-05-06 11:27:38'),
(341, '2024-04-23', '8.1 kg', 12, '2024-05-06 11:27:38', '2024-05-06 11:27:38'),
(342, '2024-04-24', '4.8 kg', 12, '2024-05-06 11:27:38', '2024-05-06 11:27:38'),
(343, '2024-04-26', '7.1 kg', 12, '2024-05-06 11:27:38', '2024-05-06 11:27:38'),
(344, '2024-04-15', '1.2 kg', 12, '2024-05-06 11:27:38', '2024-05-06 11:27:38'),
(345, '2024-05-01', '2 kg', 12, '2024-05-06 11:27:38', '2024-05-06 11:27:38'),
(346, '2024-04-10', '1.2 kg', 12, '2024-05-06 11:27:38', '2024-05-06 11:27:38'),
(347, '2024-04-16', '9.4 kg', 12, '2024-05-06 11:27:38', '2024-05-06 11:27:38'),
(348, '2024-04-10', '5.6 kg', 12, '2024-05-06 11:27:38', '2024-05-06 11:27:38'),
(349, '2024-04-30', '6.6 kg', 12, '2024-05-06 11:27:38', '2024-05-06 11:27:38'),
(350, '2024-04-06', '7.2 kg', 12, '2024-05-06 11:27:38', '2024-05-06 11:27:38'),
(351, '2024-04-07', '5.5 kg', 12, '2024-05-06 11:27:38', '2024-05-06 11:27:38'),
(352, '2024-04-28', '7.1 kg', 12, '2024-05-06 11:27:38', '2024-05-06 11:27:38'),
(353, '2024-04-17', '1.7 kg', 12, '2024-05-06 11:27:38', '2024-05-06 11:27:38'),
(354, '2024-05-02', '4.1 kg', 12, '2024-05-06 11:27:38', '2024-05-06 11:27:38'),
(355, '2024-04-28', '1.6 kg', 12, '2024-05-06 11:27:38', '2024-05-06 11:27:38'),
(356, '2024-05-05', '0.2 kg', 12, '2024-05-06 11:27:38', '2024-05-06 11:27:38'),
(357, '2024-04-25', '6.3 kg', 12, '2024-05-06 11:27:38', '2024-05-06 11:27:38'),
(358, '2024-04-29', '2.2 kg', 12, '2024-05-06 11:27:38', '2024-05-06 11:27:38'),
(359, '2024-04-18', '5.3 kg', 12, '2024-05-06 11:27:38', '2024-05-06 11:27:38'),
(360, '2024-05-05', '9.8 kg', 12, '2024-05-06 11:27:38', '2024-05-06 11:27:38'),
(361, '2024-04-13', '2.6 kg', 13, '2024-05-06 11:27:38', '2024-05-06 11:27:38'),
(362, '2024-04-11', '4.2 kg', 13, '2024-05-06 11:27:38', '2024-05-06 11:27:38'),
(363, '2024-04-25', '6.3 kg', 13, '2024-05-06 11:27:38', '2024-05-06 11:27:38'),
(364, '2024-04-18', '6.5 kg', 13, '2024-05-06 11:27:38', '2024-05-06 11:27:38'),
(365, '2024-04-29', '3.9 kg', 13, '2024-05-06 11:27:38', '2024-05-06 11:27:38'),
(366, '2024-05-02', '3.7 kg', 13, '2024-05-06 11:27:38', '2024-05-06 11:27:38'),
(367, '2024-04-29', '4.1 kg', 13, '2024-05-06 11:27:38', '2024-05-06 11:27:38'),
(368, '2024-05-01', '9.2 kg', 13, '2024-05-06 11:27:38', '2024-05-06 11:27:38'),
(369, '2024-04-18', '0.3 kg', 13, '2024-05-06 11:27:38', '2024-05-06 11:27:38'),
(370, '2024-04-13', '9.4 kg', 13, '2024-05-06 11:27:38', '2024-05-06 11:27:38'),
(371, '2024-04-27', '2.7 kg', 13, '2024-05-06 11:27:38', '2024-05-06 11:27:38'),
(372, '2024-05-06', '7.8 kg', 13, '2024-05-06 11:27:38', '2024-05-06 11:27:38'),
(373, '2024-04-25', '7.7 kg', 13, '2024-05-06 11:27:38', '2024-05-06 11:27:38'),
(374, '2024-04-07', '2.9 kg', 13, '2024-05-06 11:27:38', '2024-05-06 11:27:38'),
(375, '2024-04-17', '1 kg', 13, '2024-05-06 11:27:38', '2024-05-06 11:27:38'),
(376, '2024-05-05', '0.9 kg', 13, '2024-05-06 11:27:38', '2024-05-06 11:27:38'),
(377, '2024-05-05', '9.8 kg', 13, '2024-05-06 11:27:38', '2024-05-06 11:27:38'),
(378, '2024-04-13', '3.6 kg', 13, '2024-05-06 11:27:38', '2024-05-06 11:27:38'),
(379, '2024-05-01', '0.7 kg', 13, '2024-05-06 11:27:38', '2024-05-06 11:27:38'),
(380, '2024-04-09', '0.8 kg', 13, '2024-05-06 11:27:38', '2024-05-06 11:27:38'),
(381, '2024-04-28', '1 kg', 13, '2024-05-06 11:27:38', '2024-05-06 11:27:38'),
(382, '2024-05-05', '3.8 kg', 13, '2024-05-06 11:27:38', '2024-05-06 11:27:38'),
(383, '2024-05-03', '9.3 kg', 13, '2024-05-06 11:27:38', '2024-05-06 11:27:38'),
(384, '2024-04-21', '5.7 kg', 13, '2024-05-06 11:27:38', '2024-05-06 11:27:38'),
(385, '2024-04-28', '7 kg', 13, '2024-05-06 11:27:38', '2024-05-06 11:27:38'),
(386, '2024-04-23', '5.7 kg', 13, '2024-05-06 11:27:38', '2024-05-06 11:27:38'),
(387, '2024-04-19', '0.3 kg', 13, '2024-05-06 11:27:38', '2024-05-06 11:27:38'),
(388, '2024-04-22', '7.3 kg', 13, '2024-05-06 11:27:38', '2024-05-06 11:27:38'),
(389, '2024-04-14', '1.1 kg', 13, '2024-05-06 11:27:38', '2024-05-06 11:27:38'),
(390, '2024-04-28', '6 kg', 13, '2024-05-06 11:27:38', '2024-05-06 11:27:38'),
(391, '2024-04-07', '7.6 kg', 14, '2024-05-06 11:27:38', '2024-05-06 11:27:38'),
(392, '2024-05-03', '3.6 kg', 14, '2024-05-06 11:27:38', '2024-05-06 11:27:38'),
(393, '2024-04-23', '4 kg', 14, '2024-05-06 11:27:38', '2024-05-06 11:27:38'),
(394, '2024-04-07', '6 kg', 14, '2024-05-06 11:27:38', '2024-05-06 11:27:38'),
(395, '2024-04-19', '3.5 kg', 14, '2024-05-06 11:27:38', '2024-05-06 11:27:38'),
(396, '2024-04-12', '3 kg', 14, '2024-05-06 11:27:38', '2024-05-06 11:27:38'),
(397, '2024-04-13', '3.1 kg', 14, '2024-05-06 11:27:38', '2024-05-06 11:27:38'),
(398, '2024-04-26', '8.9 kg', 14, '2024-05-06 11:27:38', '2024-05-06 11:27:38'),
(399, '2024-04-07', '3.4 kg', 14, '2024-05-06 11:27:38', '2024-05-06 11:27:38'),
(400, '2024-04-15', '0.6 kg', 14, '2024-05-06 11:27:38', '2024-05-06 11:27:38'),
(401, '2024-05-02', '9 kg', 14, '2024-05-06 11:27:38', '2024-05-06 11:27:38'),
(402, '2024-04-25', '0.1 kg', 14, '2024-05-06 11:27:38', '2024-05-06 11:27:38'),
(403, '2024-04-22', '7.9 kg', 14, '2024-05-06 11:27:38', '2024-05-06 11:27:38'),
(404, '2024-04-14', '1.7 kg', 14, '2024-05-06 11:27:38', '2024-05-06 11:27:38'),
(405, '2024-04-17', '4.5 kg', 14, '2024-05-06 11:27:38', '2024-05-06 11:27:38'),
(406, '2024-04-30', '1.7 kg', 14, '2024-05-06 11:27:38', '2024-05-06 11:27:38'),
(407, '2024-04-06', '2 kg', 14, '2024-05-06 11:27:38', '2024-05-06 11:27:38'),
(408, '2024-04-15', '5.6 kg', 14, '2024-05-06 11:27:38', '2024-05-06 11:27:38'),
(409, '2024-04-13', '8.5 kg', 14, '2024-05-06 11:27:38', '2024-05-06 11:27:38'),
(410, '2024-04-23', '0.9 kg', 14, '2024-05-06 11:27:38', '2024-05-06 11:27:38'),
(411, '2024-04-17', '9.7 kg', 14, '2024-05-06 11:27:38', '2024-05-06 11:27:38'),
(412, '2024-04-28', '1 kg', 14, '2024-05-06 11:27:38', '2024-05-06 11:27:38'),
(413, '2024-04-28', '5.9 kg', 14, '2024-05-06 11:27:38', '2024-05-06 11:27:38'),
(414, '2024-04-20', '9.5 kg', 14, '2024-05-06 11:27:38', '2024-05-06 11:27:38'),
(415, '2024-04-11', '3.9 kg', 14, '2024-05-06 11:27:38', '2024-05-06 11:27:38'),
(416, '2024-05-03', '6.6 kg', 14, '2024-05-06 11:27:38', '2024-05-06 11:27:38'),
(417, '2024-05-01', '0.6 kg', 14, '2024-05-06 11:27:38', '2024-05-06 11:27:38'),
(418, '2024-05-04', '5 kg', 14, '2024-05-06 11:27:38', '2024-05-06 11:27:38'),
(419, '2024-04-11', '4.1 kg', 14, '2024-05-06 11:27:38', '2024-05-06 11:27:38'),
(420, '2024-04-21', '6.5 kg', 14, '2024-05-06 11:27:38', '2024-05-06 11:27:38'),
(421, '2024-04-24', '1.8 kg', 15, '2024-05-06 11:27:38', '2024-05-06 11:27:38'),
(422, '2024-05-05', '8.8 kg', 15, '2024-05-06 11:27:38', '2024-05-06 11:27:38'),
(423, '2024-05-06', '6.2 kg', 15, '2024-05-06 11:27:38', '2024-05-06 11:27:38'),
(424, '2024-04-10', '7.3 kg', 15, '2024-05-06 11:27:38', '2024-05-06 11:27:38'),
(425, '2024-04-07', '2.9 kg', 15, '2024-05-06 11:27:38', '2024-05-06 11:27:38'),
(426, '2024-05-01', '4 kg', 15, '2024-05-06 11:27:38', '2024-05-06 11:27:38'),
(427, '2024-04-09', '3.6 kg', 15, '2024-05-06 11:27:38', '2024-05-06 11:27:38'),
(428, '2024-05-04', '8.5 kg', 15, '2024-05-06 11:27:38', '2024-05-06 11:27:38'),
(429, '2024-05-02', '3.8 kg', 15, '2024-05-06 11:27:38', '2024-05-06 11:27:38'),
(430, '2024-04-17', '2.6 kg', 15, '2024-05-06 11:27:38', '2024-05-06 11:27:38'),
(431, '2024-05-02', '4.2 kg', 15, '2024-05-06 11:27:38', '2024-05-06 11:27:38'),
(432, '2024-05-01', '0.3 kg', 15, '2024-05-06 11:27:38', '2024-05-06 11:27:38'),
(433, '2024-04-07', '0.9 kg', 15, '2024-05-06 11:27:38', '2024-05-06 11:27:38'),
(434, '2024-04-13', '6 kg', 15, '2024-05-06 11:27:38', '2024-05-06 11:27:38'),
(435, '2024-05-05', '2.8 kg', 15, '2024-05-06 11:27:38', '2024-05-06 11:27:38'),
(436, '2024-04-08', '2.6 kg', 15, '2024-05-06 11:27:38', '2024-05-06 11:27:38'),
(437, '2024-04-11', '2.5 kg', 15, '2024-05-06 11:27:38', '2024-05-06 11:27:38'),
(438, '2024-04-11', '6.4 kg', 15, '2024-05-06 11:27:38', '2024-05-06 11:27:38'),
(439, '2024-04-19', '4.2 kg', 15, '2024-05-06 11:27:38', '2024-05-06 11:27:38'),
(440, '2024-04-22', '7.6 kg', 15, '2024-05-06 11:27:38', '2024-05-06 11:27:38'),
(441, '2024-05-01', '5 kg', 15, '2024-05-06 11:27:38', '2024-05-06 11:27:38'),
(442, '2024-04-30', '0.1 kg', 15, '2024-05-06 11:27:38', '2024-05-06 11:27:38'),
(443, '2024-05-03', '3.6 kg', 15, '2024-05-06 11:27:38', '2024-05-06 11:27:38'),
(444, '2024-04-16', '4.6 kg', 15, '2024-05-06 11:27:38', '2024-05-06 11:27:38'),
(445, '2024-04-18', '1.4 kg', 15, '2024-05-06 11:27:38', '2024-05-06 11:27:38'),
(446, '2024-04-26', '7.7 kg', 15, '2024-05-06 11:27:38', '2024-05-06 11:27:38'),
(447, '2024-05-05', '0.9 kg', 15, '2024-05-06 11:27:38', '2024-05-06 11:27:38'),
(448, '2024-04-12', '9.4 kg', 15, '2024-05-06 11:27:38', '2024-05-06 11:27:38'),
(449, '2024-04-07', '4.9 kg', 15, '2024-05-06 11:27:38', '2024-05-06 11:27:38'),
(450, '2024-05-03', '8.3 kg', 15, '2024-05-06 11:27:38', '2024-05-06 11:27:38'),
(451, '2024-04-24', '6.7 kg', 16, '2024-05-06 11:27:38', '2024-05-06 11:27:38'),
(452, '2024-05-02', '7.7 kg', 16, '2024-05-06 11:27:38', '2024-05-06 11:27:38'),
(453, '2024-04-29', '9.3 kg', 16, '2024-05-06 11:27:38', '2024-05-06 11:27:38'),
(454, '2024-04-08', '4.6 kg', 16, '2024-05-06 11:27:38', '2024-05-06 11:27:38'),
(455, '2024-04-15', '6 kg', 16, '2024-05-06 11:27:38', '2024-05-06 11:27:38'),
(456, '2024-04-20', '1.8 kg', 16, '2024-05-06 11:27:38', '2024-05-06 11:27:38'),
(457, '2024-04-18', '8.4 kg', 16, '2024-05-06 11:27:38', '2024-05-06 11:27:38'),
(458, '2024-04-28', '6.1 kg', 16, '2024-05-06 11:27:38', '2024-05-06 11:27:38'),
(459, '2024-04-08', '4.1 kg', 16, '2024-05-06 11:27:38', '2024-05-06 11:27:38'),
(460, '2024-04-23', '2.6 kg', 16, '2024-05-06 11:27:38', '2024-05-06 11:27:38'),
(461, '2024-04-13', '1.2 kg', 16, '2024-05-06 11:27:38', '2024-05-06 11:27:38'),
(462, '2024-05-03', '2.2 kg', 16, '2024-05-06 11:27:38', '2024-05-06 11:27:38'),
(463, '2024-05-03', '4.6 kg', 16, '2024-05-06 11:27:38', '2024-05-06 11:27:38'),
(464, '2024-04-08', '2.3 kg', 16, '2024-05-06 11:27:38', '2024-05-06 11:27:38'),
(465, '2024-04-28', '8.2 kg', 16, '2024-05-06 11:27:38', '2024-05-06 11:27:38'),
(466, '2024-04-30', '2.7 kg', 16, '2024-05-06 11:27:38', '2024-05-06 11:27:38'),
(467, '2024-04-23', '9.8 kg', 16, '2024-05-06 11:27:38', '2024-05-06 11:27:38'),
(468, '2024-04-12', '0.6 kg', 16, '2024-05-06 11:27:38', '2024-05-06 11:27:38'),
(469, '2024-05-06', '4.3 kg', 16, '2024-05-06 11:27:38', '2024-05-06 11:27:38'),
(470, '2024-04-27', '2.2 kg', 16, '2024-05-06 11:27:38', '2024-05-06 11:27:38'),
(471, '2024-04-19', '1.2 kg', 16, '2024-05-06 11:27:38', '2024-05-06 11:27:38'),
(472, '2024-05-05', '5.6 kg', 16, '2024-05-06 11:27:38', '2024-05-06 11:27:38'),
(473, '2024-05-04', '6.9 kg', 16, '2024-05-06 11:27:38', '2024-05-06 11:27:38'),
(474, '2024-04-29', '1.1 kg', 16, '2024-05-06 11:27:38', '2024-05-06 11:27:38'),
(475, '2024-04-24', '3.9 kg', 16, '2024-05-06 11:27:38', '2024-05-06 11:27:38'),
(476, '2024-04-25', '2.1 kg', 16, '2024-05-06 11:27:38', '2024-05-06 11:27:38'),
(477, '2024-04-19', '8 kg', 16, '2024-05-06 11:27:38', '2024-05-06 11:27:38'),
(478, '2024-04-14', '0.6 kg', 16, '2024-05-06 11:27:38', '2024-05-06 11:27:38'),
(479, '2024-04-24', '9.9 kg', 16, '2024-05-06 11:27:38', '2024-05-06 11:27:38'),
(480, '2024-04-30', '5.2 kg', 16, '2024-05-06 11:27:38', '2024-05-06 11:27:38'),
(481, '2024-04-24', '1.1 kg', 17, '2024-05-06 11:27:38', '2024-05-06 11:27:38'),
(482, '2024-04-26', '0.3 kg', 17, '2024-05-06 11:27:38', '2024-05-06 11:27:38'),
(483, '2024-04-17', '6.3 kg', 17, '2024-05-06 11:27:38', '2024-05-06 11:27:38'),
(484, '2024-04-08', '5.3 kg', 17, '2024-05-06 11:27:38', '2024-05-06 11:27:38'),
(485, '2024-04-20', '7.5 kg', 17, '2024-05-06 11:27:38', '2024-05-06 11:27:38'),
(486, '2024-04-24', '6 kg', 17, '2024-05-06 11:27:38', '2024-05-06 11:27:38'),
(487, '2024-04-08', '9.8 kg', 17, '2024-05-06 11:27:38', '2024-05-06 11:27:38'),
(488, '2024-05-01', '2.6 kg', 17, '2024-05-06 11:27:38', '2024-05-06 11:27:38'),
(489, '2024-05-05', '8.5 kg', 17, '2024-05-06 11:27:38', '2024-05-06 11:27:38'),
(490, '2024-04-23', '6.1 kg', 17, '2024-05-06 11:27:38', '2024-05-06 11:27:38'),
(491, '2024-04-16', '4 kg', 17, '2024-05-06 11:27:38', '2024-05-06 11:27:38'),
(492, '2024-04-23', '6.2 kg', 17, '2024-05-06 11:27:38', '2024-05-06 11:27:38'),
(493, '2024-05-03', '9.5 kg', 17, '2024-05-06 11:27:38', '2024-05-06 11:27:38'),
(494, '2024-04-19', '1.8 kg', 17, '2024-05-06 11:27:38', '2024-05-06 11:27:38'),
(495, '2024-04-23', '7.8 kg', 17, '2024-05-06 11:27:38', '2024-05-06 11:27:38'),
(496, '2024-04-27', '4.8 kg', 17, '2024-05-06 11:27:38', '2024-05-06 11:27:38'),
(497, '2024-04-18', '9.4 kg', 17, '2024-05-06 11:27:38', '2024-05-06 11:27:38'),
(498, '2024-04-11', '1.9 kg', 17, '2024-05-06 11:27:38', '2024-05-06 11:27:38'),
(499, '2024-04-22', '7.1 kg', 17, '2024-05-06 11:27:38', '2024-05-06 11:27:38'),
(500, '2024-04-28', '0.6 kg', 17, '2024-05-06 11:27:38', '2024-05-06 11:27:38'),
(501, '2024-04-15', '4.6 kg', 17, '2024-05-06 11:27:38', '2024-05-06 11:27:38'),
(502, '2024-04-26', '8.9 kg', 17, '2024-05-06 11:27:38', '2024-05-06 11:27:38'),
(503, '2024-04-19', '9.5 kg', 17, '2024-05-06 11:27:38', '2024-05-06 11:27:38'),
(504, '2024-04-25', '4.4 kg', 17, '2024-05-06 11:27:38', '2024-05-06 11:27:38'),
(505, '2024-04-11', '9.6 kg', 17, '2024-05-06 11:27:38', '2024-05-06 11:27:38'),
(506, '2024-04-21', '6.6 kg', 17, '2024-05-06 11:27:38', '2024-05-06 11:27:38'),
(507, '2024-04-08', '9.9 kg', 17, '2024-05-06 11:27:38', '2024-05-06 11:27:38'),
(508, '2024-04-27', '3.9 kg', 17, '2024-05-06 11:27:38', '2024-05-06 11:27:38'),
(509, '2024-04-14', '8.8 kg', 17, '2024-05-06 11:27:38', '2024-05-06 11:27:38'),
(510, '2024-04-11', '7.2 kg', 17, '2024-05-06 11:27:38', '2024-05-06 11:27:38'),
(511, '2024-04-22', '1 kg', 18, '2024-05-06 11:27:38', '2024-05-06 11:27:38'),
(512, '2024-04-21', '0.5 kg', 18, '2024-05-06 11:27:38', '2024-05-06 11:27:38'),
(513, '2024-04-19', '2.3 kg', 18, '2024-05-06 11:27:38', '2024-05-06 11:27:38'),
(514, '2024-04-07', '5.2 kg', 18, '2024-05-06 11:27:38', '2024-05-06 11:27:38'),
(515, '2024-05-01', '7.4 kg', 18, '2024-05-06 11:27:38', '2024-05-06 11:27:38'),
(516, '2024-04-17', '5.9 kg', 18, '2024-05-06 11:27:38', '2024-05-06 11:27:38'),
(517, '2024-04-10', '9.7 kg', 18, '2024-05-06 11:27:38', '2024-05-06 11:27:38'),
(518, '2024-05-03', '8.9 kg', 18, '2024-05-06 11:27:38', '2024-05-06 11:27:38'),
(519, '2024-04-10', '5.2 kg', 18, '2024-05-06 11:27:38', '2024-05-06 11:27:38'),
(520, '2024-05-04', '1.6 kg', 18, '2024-05-06 11:27:38', '2024-05-06 11:27:38'),
(521, '2024-04-28', '8.8 kg', 18, '2024-05-06 11:27:38', '2024-05-06 11:27:38'),
(522, '2024-04-15', '2.6 kg', 18, '2024-05-06 11:27:38', '2024-05-06 11:27:38'),
(523, '2024-04-17', '0.3 kg', 18, '2024-05-06 11:27:38', '2024-05-06 11:27:38'),
(524, '2024-04-17', '7.7 kg', 18, '2024-05-06 11:27:38', '2024-05-06 11:27:38'),
(525, '2024-04-08', '9.2 kg', 18, '2024-05-06 11:27:38', '2024-05-06 11:27:38'),
(526, '2024-04-09', '0.3 kg', 18, '2024-05-06 11:27:38', '2024-05-06 11:27:38'),
(527, '2024-04-30', '5.2 kg', 18, '2024-05-06 11:27:38', '2024-05-06 11:27:38'),
(528, '2024-05-01', '9.8 kg', 18, '2024-05-06 11:27:38', '2024-05-06 11:27:38'),
(529, '2024-04-18', '2.6 kg', 18, '2024-05-06 11:27:38', '2024-05-06 11:27:38'),
(530, '2024-04-25', '5.4 kg', 18, '2024-05-06 11:27:38', '2024-05-06 11:27:38'),
(531, '2024-04-09', '7.5 kg', 18, '2024-05-06 11:27:38', '2024-05-06 11:27:38'),
(532, '2024-04-12', '5.9 kg', 18, '2024-05-06 11:27:38', '2024-05-06 11:27:38'),
(533, '2024-04-10', '2.6 kg', 18, '2024-05-06 11:27:38', '2024-05-06 11:27:38'),
(534, '2024-05-04', '3.1 kg', 18, '2024-05-06 11:27:38', '2024-05-06 11:27:38'),
(535, '2024-04-14', '1.9 kg', 18, '2024-05-06 11:27:38', '2024-05-06 11:27:38'),
(536, '2024-04-30', '8.2 kg', 18, '2024-05-06 11:27:38', '2024-05-06 11:27:38'),
(537, '2024-05-02', '8.7 kg', 18, '2024-05-06 11:27:38', '2024-05-06 11:27:38'),
(538, '2024-04-07', '6.1 kg', 18, '2024-05-06 11:27:38', '2024-05-06 11:27:38'),
(539, '2024-04-26', '6.3 kg', 18, '2024-05-06 11:27:38', '2024-05-06 11:27:38'),
(540, '2024-05-02', '1.7 kg', 18, '2024-05-06 11:27:38', '2024-05-06 11:27:38'),
(541, '2024-04-21', '0.7 kg', 19, '2024-05-06 11:27:38', '2024-05-06 11:27:38'),
(542, '2024-04-19', '9.6 kg', 19, '2024-05-06 11:27:38', '2024-05-06 11:27:38'),
(543, '2024-04-30', '3.6 kg', 19, '2024-05-06 11:27:38', '2024-05-06 11:27:38'),
(544, '2024-04-14', '4 kg', 19, '2024-05-06 11:27:38', '2024-05-06 11:27:38'),
(545, '2024-04-10', '2.5 kg', 19, '2024-05-06 11:27:38', '2024-05-06 11:27:38'),
(546, '2024-04-09', '8.7 kg', 19, '2024-05-06 11:27:38', '2024-05-06 11:27:38'),
(547, '2024-04-15', '2.8 kg', 19, '2024-05-06 11:27:38', '2024-05-06 11:27:38'),
(548, '2024-04-16', '7.9 kg', 19, '2024-05-06 11:27:38', '2024-05-06 11:27:38'),
(549, '2024-04-26', '8.7 kg', 19, '2024-05-06 11:27:38', '2024-05-06 11:27:38'),
(550, '2024-04-24', '1.3 kg', 19, '2024-05-06 11:27:38', '2024-05-06 11:27:38'),
(551, '2024-04-29', '1.8 kg', 19, '2024-05-06 11:27:38', '2024-05-06 11:27:38'),
(552, '2024-05-05', '2.1 kg', 19, '2024-05-06 11:27:38', '2024-05-06 11:27:38'),
(553, '2024-04-09', '8.6 kg', 19, '2024-05-06 11:27:38', '2024-05-06 11:27:38'),
(554, '2024-04-07', '3.2 kg', 19, '2024-05-06 11:27:38', '2024-05-06 11:27:38'),
(555, '2024-04-08', '7.8 kg', 19, '2024-05-06 11:27:38', '2024-05-06 11:27:38'),
(556, '2024-04-09', '2.7 kg', 19, '2024-05-06 11:27:38', '2024-05-06 11:27:38'),
(557, '2024-04-10', '6.9 kg', 19, '2024-05-06 11:27:38', '2024-05-06 11:27:38'),
(558, '2024-04-12', '6.3 kg', 19, '2024-05-06 11:27:38', '2024-05-06 11:27:38'),
(559, '2024-04-14', '2.8 kg', 19, '2024-05-06 11:27:38', '2024-05-06 11:27:38'),
(560, '2024-04-27', '8 kg', 19, '2024-05-06 11:27:38', '2024-05-06 11:27:38'),
(561, '2024-04-10', '9.3 kg', 19, '2024-05-06 11:27:38', '2024-05-06 11:27:38'),
(562, '2024-04-30', '8.5 kg', 19, '2024-05-06 11:27:38', '2024-05-06 11:27:38'),
(563, '2024-04-17', '3.3 kg', 19, '2024-05-06 11:27:38', '2024-05-06 11:27:38'),
(564, '2024-04-07', '0.9 kg', 19, '2024-05-06 11:27:38', '2024-05-06 11:27:38'),
(565, '2024-04-27', '0.1 kg', 19, '2024-05-06 11:27:38', '2024-05-06 11:27:38'),
(566, '2024-04-19', '2.5 kg', 19, '2024-05-06 11:27:38', '2024-05-06 11:27:38'),
(567, '2024-04-17', '7.9 kg', 19, '2024-05-06 11:27:38', '2024-05-06 11:27:38'),
(568, '2024-04-15', '0.5 kg', 19, '2024-05-06 11:27:38', '2024-05-06 11:27:38'),
(569, '2024-04-28', '6.2 kg', 19, '2024-05-06 11:27:38', '2024-05-06 11:27:38'),
(570, '2024-04-24', '7.8 kg', 19, '2024-05-06 11:27:38', '2024-05-06 11:27:38'),
(571, '2024-04-18', '7.8 kg', 20, '2024-05-06 11:27:39', '2024-05-06 11:27:39'),
(572, '2024-04-21', '1.1 kg', 20, '2024-05-06 11:27:39', '2024-05-06 11:27:39'),
(573, '2024-04-18', '7.5 kg', 20, '2024-05-06 11:27:39', '2024-05-06 11:27:39'),
(574, '2024-05-05', '2.9 kg', 20, '2024-05-06 11:27:39', '2024-05-06 11:27:39'),
(575, '2024-04-27', '9.7 kg', 20, '2024-05-06 11:27:39', '2024-05-06 11:27:39'),
(576, '2024-04-11', '6.5 kg', 20, '2024-05-06 11:27:39', '2024-05-06 11:27:39'),
(577, '2024-04-28', '1.5 kg', 20, '2024-05-06 11:27:39', '2024-05-06 11:27:39'),
(578, '2024-04-18', '8.5 kg', 20, '2024-05-06 11:27:39', '2024-05-06 11:27:39'),
(579, '2024-04-30', '7.2 kg', 20, '2024-05-06 11:27:39', '2024-05-06 11:27:39'),
(580, '2024-04-28', '4.5 kg', 20, '2024-05-06 11:27:39', '2024-05-06 11:27:39'),
(581, '2024-05-03', '3.1 kg', 20, '2024-05-06 11:27:39', '2024-05-06 11:27:39'),
(582, '2024-04-23', '4.5 kg', 20, '2024-05-06 11:27:39', '2024-05-06 11:27:39'),
(583, '2024-04-08', '3.2 kg', 20, '2024-05-06 11:27:39', '2024-05-06 11:27:39'),
(584, '2024-04-26', '9.5 kg', 20, '2024-05-06 11:27:39', '2024-05-06 11:27:39'),
(585, '2024-04-27', '7.2 kg', 20, '2024-05-06 11:27:39', '2024-05-06 11:27:39'),
(586, '2024-05-05', '2.9 kg', 20, '2024-05-06 11:27:39', '2024-05-06 11:27:39'),
(587, '2024-04-17', '5.5 kg', 20, '2024-05-06 11:27:39', '2024-05-06 11:27:39'),
(588, '2024-04-28', '5.9 kg', 20, '2024-05-06 11:27:39', '2024-05-06 11:27:39'),
(589, '2024-04-23', '6.1 kg', 20, '2024-05-06 11:27:39', '2024-05-06 11:27:39'),
(590, '2024-04-20', '5.2 kg', 20, '2024-05-06 11:27:39', '2024-05-06 11:27:39'),
(591, '2024-04-10', '4.2 kg', 20, '2024-05-06 11:27:39', '2024-05-06 11:27:39'),
(592, '2024-05-03', '3.7 kg', 20, '2024-05-06 11:27:39', '2024-05-06 11:27:39'),
(593, '2024-04-30', '0.9 kg', 20, '2024-05-06 11:27:39', '2024-05-06 11:27:39'),
(594, '2024-04-08', '9.6 kg', 20, '2024-05-06 11:27:39', '2024-05-06 11:27:39'),
(595, '2024-04-21', '4.4 kg', 20, '2024-05-06 11:27:39', '2024-05-06 11:27:39'),
(596, '2024-04-27', '1.2 kg', 20, '2024-05-06 11:27:39', '2024-05-06 11:27:39'),
(597, '2024-04-29', '0.7 kg', 20, '2024-05-06 11:27:39', '2024-05-06 11:27:39'),
(598, '2024-04-22', '2.4 kg', 20, '2024-05-06 11:27:39', '2024-05-06 11:27:39'),
(599, '2024-04-14', '7.5 kg', 20, '2024-05-06 11:27:39', '2024-05-06 11:27:39'),
(600, '2024-04-13', '7.3 kg', 20, '2024-05-06 11:27:39', '2024-05-06 11:27:39'),
(601, '2024-04-12', '8.9 kg', 21, '2024-05-06 11:27:39', '2024-05-06 11:27:39'),
(602, '2024-04-15', '5 kg', 21, '2024-05-06 11:27:39', '2024-05-06 11:27:39'),
(603, '2024-04-30', '8.6 kg', 21, '2024-05-06 11:27:39', '2024-05-06 11:27:39'),
(604, '2024-04-09', '6.8 kg', 21, '2024-05-06 11:27:39', '2024-05-06 11:27:39'),
(605, '2024-04-16', '0.4 kg', 21, '2024-05-06 11:27:39', '2024-05-06 11:27:39'),
(606, '2024-05-05', '2.3 kg', 21, '2024-05-06 11:27:39', '2024-05-06 11:27:39'),
(607, '2024-04-22', '5.8 kg', 21, '2024-05-06 11:27:39', '2024-05-06 11:27:39'),
(608, '2024-04-08', '2.1 kg', 21, '2024-05-06 11:27:39', '2024-05-06 11:27:39'),
(609, '2024-04-22', '7.4 kg', 21, '2024-05-06 11:27:39', '2024-05-06 11:27:39'),
(610, '2024-04-11', '9.7 kg', 21, '2024-05-06 11:27:39', '2024-05-06 11:27:39'),
(611, '2024-05-05', '9.5 kg', 21, '2024-05-06 11:27:39', '2024-05-06 11:27:39'),
(612, '2024-04-11', '9 kg', 21, '2024-05-06 11:27:39', '2024-05-06 11:27:39'),
(613, '2024-04-25', '1.5 kg', 21, '2024-05-06 11:27:39', '2024-05-06 11:27:39'),
(614, '2024-04-28', '7.2 kg', 21, '2024-05-06 11:27:39', '2024-05-06 11:27:39'),
(615, '2024-05-04', '1.9 kg', 21, '2024-05-06 11:27:39', '2024-05-06 11:27:39'),
(616, '2024-05-01', '6.1 kg', 21, '2024-05-06 11:27:39', '2024-05-06 11:27:39'),
(617, '2024-04-29', '9.9 kg', 21, '2024-05-06 11:27:39', '2024-05-06 11:27:39'),
(618, '2024-04-08', '9.9 kg', 21, '2024-05-06 11:27:39', '2024-05-06 11:27:39'),
(619, '2024-04-08', '0.7 kg', 21, '2024-05-06 11:27:39', '2024-05-06 11:27:39'),
(620, '2024-04-07', '5.6 kg', 21, '2024-05-06 11:27:39', '2024-05-06 11:27:39'),
(621, '2024-04-18', '5.2 kg', 21, '2024-05-06 11:27:39', '2024-05-06 11:27:39'),
(622, '2024-04-26', '9.8 kg', 21, '2024-05-06 11:27:39', '2024-05-06 11:27:39'),
(623, '2024-04-15', '7.1 kg', 21, '2024-05-06 11:27:39', '2024-05-06 11:27:39'),
(624, '2024-04-22', '2.4 kg', 21, '2024-05-06 11:27:39', '2024-05-06 11:27:39'),
(625, '2024-04-11', '5 kg', 21, '2024-05-06 11:27:39', '2024-05-06 11:27:39'),
(626, '2024-04-13', '1.8 kg', 21, '2024-05-06 11:27:39', '2024-05-06 11:27:39'),
(627, '2024-04-18', '5.8 kg', 21, '2024-05-06 11:27:39', '2024-05-06 11:27:39'),
(628, '2024-05-06', '1.9 kg', 21, '2024-05-06 11:27:39', '2024-05-06 11:27:39'),
(629, '2024-04-21', '0.8 kg', 21, '2024-05-06 11:27:39', '2024-05-06 11:27:39'),
(630, '2024-04-24', '5.5 kg', 21, '2024-05-06 11:27:39', '2024-05-06 11:27:39'),
(631, '2024-04-07', '4.6 kg', 22, '2024-05-06 11:27:39', '2024-05-06 11:27:39'),
(632, '2024-04-30', '5.1 kg', 22, '2024-05-06 11:27:39', '2024-05-06 11:27:39'),
(633, '2024-04-20', '4 kg', 22, '2024-05-06 11:27:39', '2024-05-06 11:27:39'),
(634, '2024-04-14', '9.6 kg', 22, '2024-05-06 11:27:39', '2024-05-06 11:27:39'),
(635, '2024-05-04', '3.2 kg', 22, '2024-05-06 11:27:39', '2024-05-06 11:27:39'),
(636, '2024-04-25', '1.7 kg', 22, '2024-05-06 11:27:39', '2024-05-06 11:27:39'),
(637, '2024-04-28', '5.6 kg', 22, '2024-05-06 11:27:39', '2024-05-06 11:27:39');
INSERT INTO `berats` (`id`, `tanggal`, `berat`, `anak_id`, `created_at`, `updated_at`) VALUES
(638, '2024-05-03', '9.4 kg', 22, '2024-05-06 11:27:39', '2024-05-06 11:27:39'),
(639, '2024-04-14', '0.8 kg', 22, '2024-05-06 11:27:39', '2024-05-06 11:27:39'),
(640, '2024-04-24', '3.4 kg', 22, '2024-05-06 11:27:39', '2024-05-06 11:27:39'),
(641, '2024-04-15', '6.5 kg', 22, '2024-05-06 11:27:39', '2024-05-06 11:27:39'),
(642, '2024-04-13', '5.3 kg', 22, '2024-05-06 11:27:39', '2024-05-06 11:27:39'),
(643, '2024-04-21', '8.5 kg', 22, '2024-05-06 11:27:39', '2024-05-06 11:27:39'),
(644, '2024-05-04', '9.5 kg', 22, '2024-05-06 11:27:39', '2024-05-06 11:27:39'),
(645, '2024-05-01', '6.3 kg', 22, '2024-05-06 11:27:39', '2024-05-06 11:27:39'),
(646, '2024-04-11', '0.2 kg', 22, '2024-05-06 11:27:39', '2024-05-06 11:27:39'),
(647, '2024-04-26', '0.6 kg', 22, '2024-05-06 11:27:39', '2024-05-06 11:27:39'),
(648, '2024-05-03', '6.3 kg', 22, '2024-05-06 11:27:39', '2024-05-06 11:27:39'),
(649, '2024-04-10', '1.7 kg', 22, '2024-05-06 11:27:39', '2024-05-06 11:27:39'),
(650, '2024-04-14', '1.7 kg', 22, '2024-05-06 11:27:39', '2024-05-06 11:27:39'),
(651, '2024-05-05', '7.9 kg', 22, '2024-05-06 11:27:39', '2024-05-06 11:27:39'),
(652, '2024-04-12', '3.2 kg', 22, '2024-05-06 11:27:39', '2024-05-06 11:27:39'),
(653, '2024-04-22', '8 kg', 22, '2024-05-06 11:27:39', '2024-05-06 11:27:39'),
(654, '2024-04-13', '6.1 kg', 22, '2024-05-06 11:27:39', '2024-05-06 11:27:39'),
(655, '2024-04-25', '4.5 kg', 22, '2024-05-06 11:27:39', '2024-05-06 11:27:39'),
(656, '2024-04-17', '4.6 kg', 22, '2024-05-06 11:27:39', '2024-05-06 11:27:39'),
(657, '2024-04-30', '5.3 kg', 22, '2024-05-06 11:27:39', '2024-05-06 11:27:39'),
(658, '2024-04-12', '8.8 kg', 22, '2024-05-06 11:27:39', '2024-05-06 11:27:39'),
(659, '2024-04-17', '9.5 kg', 22, '2024-05-06 11:27:39', '2024-05-06 11:27:39'),
(660, '2024-04-15', '0.7 kg', 22, '2024-05-06 11:27:39', '2024-05-06 11:27:39'),
(661, '2024-04-17', '5.8 kg', 23, '2024-05-06 11:27:39', '2024-05-06 11:27:39'),
(662, '2024-05-03', '8.8 kg', 23, '2024-05-06 11:27:39', '2024-05-06 11:27:39'),
(663, '2024-05-04', '8.4 kg', 23, '2024-05-06 11:27:39', '2024-05-06 11:27:39'),
(664, '2024-04-19', '4.9 kg', 23, '2024-05-06 11:27:39', '2024-05-06 11:27:39'),
(665, '2024-04-17', '0.6 kg', 23, '2024-05-06 11:27:39', '2024-05-06 11:27:39'),
(666, '2024-05-01', '1.3 kg', 23, '2024-05-06 11:27:39', '2024-05-06 11:27:39'),
(667, '2024-04-19', '0.9 kg', 23, '2024-05-06 11:27:39', '2024-05-06 11:27:39'),
(668, '2024-05-03', '4.1 kg', 23, '2024-05-06 11:27:39', '2024-05-06 11:27:39'),
(669, '2024-05-05', '6.2 kg', 23, '2024-05-06 11:27:39', '2024-05-06 11:27:39'),
(670, '2024-05-06', '7.5 kg', 23, '2024-05-06 11:27:39', '2024-05-06 11:27:39'),
(671, '2024-05-04', '2.3 kg', 23, '2024-05-06 11:27:39', '2024-05-06 11:27:39'),
(672, '2024-04-27', '7.8 kg', 23, '2024-05-06 11:27:39', '2024-05-06 11:27:39'),
(673, '2024-04-17', '0.4 kg', 23, '2024-05-06 11:27:39', '2024-05-06 11:27:39'),
(674, '2024-04-08', '9.8 kg', 23, '2024-05-06 11:27:39', '2024-05-06 11:27:39'),
(675, '2024-04-08', '6 kg', 23, '2024-05-06 11:27:39', '2024-05-06 11:27:39'),
(676, '2024-04-11', '8 kg', 23, '2024-05-06 11:27:39', '2024-05-06 11:27:39'),
(677, '2024-04-08', '0.4 kg', 23, '2024-05-06 11:27:39', '2024-05-06 11:27:39'),
(678, '2024-04-16', '4.4 kg', 23, '2024-05-06 11:27:39', '2024-05-06 11:27:39'),
(679, '2024-05-05', '4.2 kg', 23, '2024-05-06 11:27:39', '2024-05-06 11:27:39'),
(680, '2024-04-17', '8 kg', 23, '2024-05-06 11:27:39', '2024-05-06 11:27:39'),
(681, '2024-04-08', '1 kg', 23, '2024-05-06 11:27:39', '2024-05-06 11:27:39'),
(682, '2024-04-16', '7.3 kg', 23, '2024-05-06 11:27:39', '2024-05-06 11:27:39'),
(683, '2024-04-13', '3.7 kg', 23, '2024-05-06 11:27:39', '2024-05-06 11:27:39'),
(684, '2024-04-30', '0.6 kg', 23, '2024-05-06 11:27:39', '2024-05-06 11:27:39'),
(685, '2024-04-18', '3.9 kg', 23, '2024-05-06 11:27:39', '2024-05-06 11:27:39'),
(686, '2024-05-04', '4.5 kg', 23, '2024-05-06 11:27:39', '2024-05-06 11:27:39'),
(687, '2024-04-20', '5.1 kg', 23, '2024-05-06 11:27:39', '2024-05-06 11:27:39'),
(688, '2024-04-13', '5.3 kg', 23, '2024-05-06 11:27:39', '2024-05-06 11:27:39'),
(689, '2024-04-22', '6.3 kg', 23, '2024-05-06 11:27:39', '2024-05-06 11:27:39'),
(690, '2024-04-29', '3 kg', 23, '2024-05-06 11:27:39', '2024-05-06 11:27:39'),
(691, '2024-04-10', '2.8 kg', 24, '2024-05-06 11:27:39', '2024-05-06 11:27:39'),
(692, '2024-04-12', '5.2 kg', 24, '2024-05-06 11:27:39', '2024-05-06 11:27:39'),
(693, '2024-04-14', '6.6 kg', 24, '2024-05-06 11:27:39', '2024-05-06 11:27:39'),
(694, '2024-04-08', '6.3 kg', 24, '2024-05-06 11:27:39', '2024-05-06 11:27:39'),
(695, '2024-04-24', '7.5 kg', 24, '2024-05-06 11:27:39', '2024-05-06 11:27:39'),
(696, '2024-04-11', '8.6 kg', 24, '2024-05-06 11:27:39', '2024-05-06 11:27:39'),
(697, '2024-05-03', '9.1 kg', 24, '2024-05-06 11:27:39', '2024-05-06 11:27:39'),
(698, '2024-04-24', '0.9 kg', 24, '2024-05-06 11:27:39', '2024-05-06 11:27:39'),
(699, '2024-05-01', '7.2 kg', 24, '2024-05-06 11:27:39', '2024-05-06 11:27:39'),
(700, '2024-04-18', '1.7 kg', 24, '2024-05-06 11:27:39', '2024-05-06 11:27:39'),
(701, '2024-05-04', '1.6 kg', 24, '2024-05-06 11:27:39', '2024-05-06 11:27:39'),
(702, '2024-04-28', '8.5 kg', 24, '2024-05-06 11:27:39', '2024-05-06 11:27:39'),
(703, '2024-04-16', '0.8 kg', 24, '2024-05-06 11:27:39', '2024-05-06 11:27:39'),
(704, '2024-04-27', '7.3 kg', 24, '2024-05-06 11:27:39', '2024-05-06 11:27:39'),
(705, '2024-04-15', '9.1 kg', 24, '2024-05-06 11:27:39', '2024-05-06 11:27:39'),
(706, '2024-04-29', '7.1 kg', 24, '2024-05-06 11:27:39', '2024-05-06 11:27:39'),
(707, '2024-04-24', '6.4 kg', 24, '2024-05-06 11:27:39', '2024-05-06 11:27:39'),
(708, '2024-04-09', '0.2 kg', 24, '2024-05-06 11:27:39', '2024-05-06 11:27:39'),
(709, '2024-05-01', '7.4 kg', 24, '2024-05-06 11:27:39', '2024-05-06 11:27:39'),
(710, '2024-05-01', '2.8 kg', 24, '2024-05-06 11:27:39', '2024-05-06 11:27:39'),
(711, '2024-05-02', '3.7 kg', 24, '2024-05-06 11:27:39', '2024-05-06 11:27:39'),
(712, '2024-04-17', '8.3 kg', 24, '2024-05-06 11:27:39', '2024-05-06 11:27:39'),
(713, '2024-04-28', '6.9 kg', 24, '2024-05-06 11:27:39', '2024-05-06 11:27:39'),
(714, '2024-04-21', '4.5 kg', 24, '2024-05-06 11:27:39', '2024-05-06 11:27:39'),
(715, '2024-04-12', '1.1 kg', 24, '2024-05-06 11:27:39', '2024-05-06 11:27:39'),
(716, '2024-05-05', '9.8 kg', 24, '2024-05-06 11:27:39', '2024-05-06 11:27:39'),
(717, '2024-04-21', '7.8 kg', 24, '2024-05-06 11:27:39', '2024-05-06 11:27:39'),
(718, '2024-04-24', '1.9 kg', 24, '2024-05-06 11:27:39', '2024-05-06 11:27:39'),
(719, '2024-04-11', '2.7 kg', 24, '2024-05-06 11:27:39', '2024-05-06 11:27:39'),
(720, '2024-04-16', '8.1 kg', 24, '2024-05-06 11:27:39', '2024-05-06 11:27:39'),
(721, '2024-04-12', '2.2 kg', 25, '2024-05-06 11:27:39', '2024-05-06 11:27:39'),
(722, '2024-04-08', '3.8 kg', 25, '2024-05-06 11:27:39', '2024-05-06 11:27:39'),
(723, '2024-04-06', '9 kg', 25, '2024-05-06 11:27:39', '2024-05-06 11:27:39'),
(724, '2024-04-25', '8.3 kg', 25, '2024-05-06 11:27:39', '2024-05-06 11:27:39'),
(725, '2024-04-10', '9.9 kg', 25, '2024-05-06 11:27:39', '2024-05-06 11:27:39'),
(726, '2024-04-16', '7.8 kg', 25, '2024-05-06 11:27:39', '2024-05-06 11:27:39'),
(727, '2024-05-03', '2.2 kg', 25, '2024-05-06 11:27:39', '2024-05-06 11:27:39'),
(728, '2024-04-25', '7.4 kg', 25, '2024-05-06 11:27:39', '2024-05-06 11:27:39'),
(729, '2024-04-09', '7.9 kg', 25, '2024-05-06 11:27:39', '2024-05-06 11:27:39'),
(730, '2024-04-26', '7 kg', 25, '2024-05-06 11:27:39', '2024-05-06 11:27:39'),
(731, '2024-04-18', '4 kg', 25, '2024-05-06 11:27:39', '2024-05-06 11:27:39'),
(732, '2024-04-12', '4.3 kg', 25, '2024-05-06 11:27:39', '2024-05-06 11:27:39'),
(733, '2024-04-10', '1.6 kg', 25, '2024-05-06 11:27:39', '2024-05-06 11:27:39'),
(734, '2024-05-02', '6.9 kg', 25, '2024-05-06 11:27:39', '2024-05-06 11:27:39'),
(735, '2024-04-22', '7.7 kg', 25, '2024-05-06 11:27:39', '2024-05-06 11:27:39'),
(736, '2024-04-10', '7.5 kg', 25, '2024-05-06 11:27:39', '2024-05-06 11:27:39'),
(737, '2024-05-03', '8.1 kg', 25, '2024-05-06 11:27:39', '2024-05-06 11:27:39'),
(738, '2024-04-24', '10 kg', 25, '2024-05-06 11:27:39', '2024-05-06 11:27:39'),
(739, '2024-04-17', '3.9 kg', 25, '2024-05-06 11:27:39', '2024-05-06 11:27:39'),
(740, '2024-04-12', '0.5 kg', 25, '2024-05-06 11:27:39', '2024-05-06 11:27:39'),
(741, '2024-05-01', '1.6 kg', 25, '2024-05-06 11:27:39', '2024-05-06 11:27:39'),
(742, '2024-04-21', '3.5 kg', 25, '2024-05-06 11:27:39', '2024-05-06 11:27:39'),
(743, '2024-04-24', '9 kg', 25, '2024-05-06 11:27:39', '2024-05-06 11:27:39'),
(744, '2024-04-22', '7.3 kg', 25, '2024-05-06 11:27:39', '2024-05-06 11:27:39'),
(745, '2024-05-05', '7.7 kg', 25, '2024-05-06 11:27:39', '2024-05-06 11:27:39'),
(746, '2024-04-17', '6.4 kg', 25, '2024-05-06 11:27:39', '2024-05-06 11:27:39'),
(747, '2024-04-27', '3.4 kg', 25, '2024-05-06 11:27:39', '2024-05-06 11:27:39'),
(748, '2024-05-06', '4.5 kg', 25, '2024-05-06 11:27:39', '2024-05-06 11:27:39'),
(749, '2024-04-22', '4.1 kg', 25, '2024-05-06 11:27:39', '2024-05-06 11:27:39'),
(750, '2024-04-20', '8.7 kg', 25, '2024-05-06 11:27:39', '2024-05-06 11:27:39'),
(751, '2024-04-15', '3.8 kg', 26, '2024-05-06 11:27:39', '2024-05-06 11:27:39'),
(752, '2024-04-08', '2.9 kg', 26, '2024-05-06 11:27:39', '2024-05-06 11:27:39'),
(753, '2024-04-15', '5.1 kg', 26, '2024-05-06 11:27:39', '2024-05-06 11:27:39'),
(754, '2024-04-16', '4.2 kg', 26, '2024-05-06 11:27:39', '2024-05-06 11:27:39'),
(755, '2024-05-05', '1.1 kg', 26, '2024-05-06 11:27:39', '2024-05-06 11:27:39'),
(756, '2024-05-01', '6.5 kg', 26, '2024-05-06 11:27:39', '2024-05-06 11:27:39'),
(757, '2024-04-30', '1.6 kg', 26, '2024-05-06 11:27:39', '2024-05-06 11:27:39'),
(758, '2024-04-30', '6.2 kg', 26, '2024-05-06 11:27:39', '2024-05-06 11:27:39'),
(759, '2024-05-04', '4.5 kg', 26, '2024-05-06 11:27:39', '2024-05-06 11:27:39'),
(760, '2024-04-30', '5 kg', 26, '2024-05-06 11:27:39', '2024-05-06 11:27:39'),
(761, '2024-04-10', '9.7 kg', 26, '2024-05-06 11:27:39', '2024-05-06 11:27:39'),
(762, '2024-04-19', '3.2 kg', 26, '2024-05-06 11:27:39', '2024-05-06 11:27:39'),
(763, '2024-05-03', '7.4 kg', 26, '2024-05-06 11:27:39', '2024-05-06 11:27:39'),
(764, '2024-04-23', '1 kg', 26, '2024-05-06 11:27:39', '2024-05-06 11:27:39'),
(765, '2024-04-28', '3.5 kg', 26, '2024-05-06 11:27:39', '2024-05-06 11:27:39'),
(766, '2024-04-11', '2.5 kg', 26, '2024-05-06 11:27:39', '2024-05-06 11:27:39'),
(767, '2024-04-13', '1.7 kg', 26, '2024-05-06 11:27:39', '2024-05-06 11:27:39'),
(768, '2024-04-14', '7.2 kg', 26, '2024-05-06 11:27:39', '2024-05-06 11:27:39'),
(769, '2024-04-08', '1.9 kg', 26, '2024-05-06 11:27:39', '2024-05-06 11:27:39'),
(770, '2024-04-15', '4.2 kg', 26, '2024-05-06 11:27:39', '2024-05-06 11:27:39'),
(771, '2024-04-29', '2.2 kg', 26, '2024-05-06 11:27:39', '2024-05-06 11:27:39'),
(772, '2024-05-01', '3.2 kg', 26, '2024-05-06 11:27:39', '2024-05-06 11:27:39'),
(773, '2024-04-30', '4.9 kg', 26, '2024-05-06 11:27:39', '2024-05-06 11:27:39'),
(774, '2024-04-07', '8.7 kg', 26, '2024-05-06 11:27:39', '2024-05-06 11:27:39'),
(775, '2024-04-19', '3 kg', 26, '2024-05-06 11:27:39', '2024-05-06 11:27:39'),
(776, '2024-04-19', '4.7 kg', 26, '2024-05-06 11:27:39', '2024-05-06 11:27:39'),
(777, '2024-04-23', '7.1 kg', 26, '2024-05-06 11:27:39', '2024-05-06 11:27:39'),
(778, '2024-04-19', '6.1 kg', 26, '2024-05-06 11:27:39', '2024-05-06 11:27:39'),
(779, '2024-04-19', '9.1 kg', 26, '2024-05-06 11:27:39', '2024-05-06 11:27:39'),
(780, '2024-04-30', '4.8 kg', 26, '2024-05-06 11:27:39', '2024-05-06 11:27:39'),
(781, '2024-04-27', '7.9 kg', 27, '2024-05-06 11:27:39', '2024-05-06 11:27:39'),
(782, '2024-04-29', '6.4 kg', 27, '2024-05-06 11:27:39', '2024-05-06 11:27:39'),
(783, '2024-05-04', '9.7 kg', 27, '2024-05-06 11:27:39', '2024-05-06 11:27:39'),
(784, '2024-04-30', '5.8 kg', 27, '2024-05-06 11:27:39', '2024-05-06 11:27:39'),
(785, '2024-04-10', '5.5 kg', 27, '2024-05-06 11:27:39', '2024-05-06 11:27:39'),
(786, '2024-04-18', '6.3 kg', 27, '2024-05-06 11:27:39', '2024-05-06 11:27:39'),
(787, '2024-04-18', '5.9 kg', 27, '2024-05-06 11:27:39', '2024-05-06 11:27:39'),
(788, '2024-04-21', '4 kg', 27, '2024-05-06 11:27:40', '2024-05-06 11:27:40'),
(789, '2024-04-20', '3.7 kg', 27, '2024-05-06 11:27:40', '2024-05-06 11:27:40'),
(790, '2024-04-15', '1.9 kg', 27, '2024-05-06 11:27:40', '2024-05-06 11:27:40'),
(791, '2024-04-06', '4.9 kg', 27, '2024-05-06 11:27:40', '2024-05-06 11:27:40'),
(792, '2024-05-05', '4.1 kg', 27, '2024-05-06 11:27:40', '2024-05-06 11:27:40'),
(793, '2024-05-05', '5.9 kg', 27, '2024-05-06 11:27:40', '2024-05-06 11:27:40'),
(794, '2024-04-09', '7.9 kg', 27, '2024-05-06 11:27:40', '2024-05-06 11:27:40'),
(795, '2024-04-26', '5.1 kg', 27, '2024-05-06 11:27:40', '2024-05-06 11:27:40'),
(796, '2024-04-22', '3.6 kg', 27, '2024-05-06 11:27:40', '2024-05-06 11:27:40'),
(797, '2024-04-18', '6.9 kg', 27, '2024-05-06 11:27:40', '2024-05-06 11:27:40'),
(798, '2024-04-20', '2.4 kg', 27, '2024-05-06 11:27:40', '2024-05-06 11:27:40'),
(799, '2024-04-10', '3.3 kg', 27, '2024-05-06 11:27:40', '2024-05-06 11:27:40'),
(800, '2024-04-20', '2.4 kg', 27, '2024-05-06 11:27:40', '2024-05-06 11:27:40'),
(801, '2024-05-01', '7.5 kg', 27, '2024-05-06 11:27:40', '2024-05-06 11:27:40'),
(802, '2024-05-06', '1.3 kg', 27, '2024-05-06 11:27:40', '2024-05-06 11:27:40'),
(803, '2024-04-20', '5.1 kg', 27, '2024-05-06 11:27:40', '2024-05-06 11:27:40'),
(804, '2024-04-26', '5.3 kg', 27, '2024-05-06 11:27:40', '2024-05-06 11:27:40'),
(805, '2024-04-13', '6 kg', 27, '2024-05-06 11:27:40', '2024-05-06 11:27:40'),
(806, '2024-04-13', '4 kg', 27, '2024-05-06 11:27:40', '2024-05-06 11:27:40'),
(807, '2024-04-18', '4.1 kg', 27, '2024-05-06 11:27:40', '2024-05-06 11:27:40'),
(808, '2024-04-25', '7.9 kg', 27, '2024-05-06 11:27:40', '2024-05-06 11:27:40'),
(809, '2024-04-09', '0.3 kg', 27, '2024-05-06 11:27:40', '2024-05-06 11:27:40'),
(810, '2024-04-13', '1 kg', 27, '2024-05-06 11:27:40', '2024-05-06 11:27:40'),
(811, '2024-04-19', '3.8 kg', 28, '2024-05-06 11:27:40', '2024-05-06 11:27:40'),
(812, '2024-04-12', '7 kg', 28, '2024-05-06 11:27:40', '2024-05-06 11:27:40'),
(813, '2024-04-19', '5 kg', 28, '2024-05-06 11:27:40', '2024-05-06 11:27:40'),
(814, '2024-04-14', '3.3 kg', 28, '2024-05-06 11:27:40', '2024-05-06 11:27:40'),
(815, '2024-04-28', '0.8 kg', 28, '2024-05-06 11:27:40', '2024-05-06 11:27:40'),
(816, '2024-04-29', '6.5 kg', 28, '2024-05-06 11:27:40', '2024-05-06 11:27:40'),
(817, '2024-04-19', '6.9 kg', 28, '2024-05-06 11:27:40', '2024-05-06 11:27:40'),
(818, '2024-05-02', '0.8 kg', 28, '2024-05-06 11:27:40', '2024-05-06 11:27:40'),
(819, '2024-04-08', '1 kg', 28, '2024-05-06 11:27:40', '2024-05-06 11:27:40'),
(820, '2024-05-04', '9.3 kg', 28, '2024-05-06 11:27:40', '2024-05-06 11:27:40'),
(821, '2024-04-19', '2.1 kg', 28, '2024-05-06 11:27:40', '2024-05-06 11:27:40'),
(822, '2024-04-14', '5.2 kg', 28, '2024-05-06 11:27:40', '2024-05-06 11:27:40'),
(823, '2024-04-26', '3.3 kg', 28, '2024-05-06 11:27:40', '2024-05-06 11:27:40'),
(824, '2024-04-23', '5.3 kg', 28, '2024-05-06 11:27:40', '2024-05-06 11:27:40'),
(825, '2024-04-25', '2.4 kg', 28, '2024-05-06 11:27:40', '2024-05-06 11:27:40'),
(826, '2024-05-02', '0.9 kg', 28, '2024-05-06 11:27:40', '2024-05-06 11:27:40'),
(827, '2024-04-20', '10 kg', 28, '2024-05-06 11:27:40', '2024-05-06 11:27:40'),
(828, '2024-04-14', '6.2 kg', 28, '2024-05-06 11:27:40', '2024-05-06 11:27:40'),
(829, '2024-04-19', '6.6 kg', 28, '2024-05-06 11:27:40', '2024-05-06 11:27:40'),
(830, '2024-04-20', '7.2 kg', 28, '2024-05-06 11:27:40', '2024-05-06 11:27:40'),
(831, '2024-04-16', '0.2 kg', 28, '2024-05-06 11:27:40', '2024-05-06 11:27:40'),
(832, '2024-04-08', '3.2 kg', 28, '2024-05-06 11:27:40', '2024-05-06 11:27:40'),
(833, '2024-04-25', '1.5 kg', 28, '2024-05-06 11:27:40', '2024-05-06 11:27:40'),
(834, '2024-04-21', '2.7 kg', 28, '2024-05-06 11:27:40', '2024-05-06 11:27:40'),
(835, '2024-05-06', '6.1 kg', 28, '2024-05-06 11:27:40', '2024-05-06 11:27:40'),
(836, '2024-04-25', '0.9 kg', 28, '2024-05-06 11:27:40', '2024-05-06 11:27:40'),
(837, '2024-04-28', '4.3 kg', 28, '2024-05-06 11:27:40', '2024-05-06 11:27:40'),
(838, '2024-04-30', '3.3 kg', 28, '2024-05-06 11:27:40', '2024-05-06 11:27:40'),
(839, '2024-04-16', '7.1 kg', 28, '2024-05-06 11:27:40', '2024-05-06 11:27:40'),
(840, '2024-04-29', '3 kg', 28, '2024-05-06 11:27:40', '2024-05-06 11:27:40'),
(841, '2024-04-09', '0.9 kg', 29, '2024-05-06 11:27:40', '2024-05-06 11:27:40'),
(842, '2024-04-06', '4 kg', 29, '2024-05-06 11:27:40', '2024-05-06 11:27:40'),
(843, '2024-04-23', '6.7 kg', 29, '2024-05-06 11:27:40', '2024-05-06 11:27:40'),
(844, '2024-05-04', '9.6 kg', 29, '2024-05-06 11:27:40', '2024-05-06 11:27:40'),
(845, '2024-04-22', '8.4 kg', 29, '2024-05-06 11:27:40', '2024-05-06 11:27:40'),
(846, '2024-04-27', '4.9 kg', 29, '2024-05-06 11:27:40', '2024-05-06 11:27:40'),
(847, '2024-05-05', '7.4 kg', 29, '2024-05-06 11:27:40', '2024-05-06 11:27:40'),
(848, '2024-04-13', '4.3 kg', 29, '2024-05-06 11:27:40', '2024-05-06 11:27:40'),
(849, '2024-04-28', '7.7 kg', 29, '2024-05-06 11:27:40', '2024-05-06 11:27:40'),
(850, '2024-04-19', '0.3 kg', 29, '2024-05-06 11:27:40', '2024-05-06 11:27:40'),
(851, '2024-04-09', '5.3 kg', 29, '2024-05-06 11:27:40', '2024-05-06 11:27:40'),
(852, '2024-04-23', '3.5 kg', 29, '2024-05-06 11:27:40', '2024-05-06 11:27:40'),
(853, '2024-04-15', '4.3 kg', 29, '2024-05-06 11:27:40', '2024-05-06 11:27:40'),
(854, '2024-04-09', '2.2 kg', 29, '2024-05-06 11:27:40', '2024-05-06 11:27:40'),
(855, '2024-04-27', '6.8 kg', 29, '2024-05-06 11:27:40', '2024-05-06 11:27:40'),
(856, '2024-05-04', '8.4 kg', 29, '2024-05-06 11:27:40', '2024-05-06 11:27:40'),
(857, '2024-04-07', '7.1 kg', 29, '2024-05-06 11:27:40', '2024-05-06 11:27:40'),
(858, '2024-05-02', '5.9 kg', 29, '2024-05-06 11:27:40', '2024-05-06 11:27:40'),
(859, '2024-04-23', '3.2 kg', 29, '2024-05-06 11:27:40', '2024-05-06 11:27:40'),
(860, '2024-04-26', '4.6 kg', 29, '2024-05-06 11:27:40', '2024-05-06 11:27:40'),
(861, '2024-04-12', '2.9 kg', 29, '2024-05-06 11:27:40', '2024-05-06 11:27:40'),
(862, '2024-04-07', '2 kg', 29, '2024-05-06 11:27:40', '2024-05-06 11:27:40'),
(863, '2024-04-28', '0.4 kg', 29, '2024-05-06 11:27:40', '2024-05-06 11:27:40'),
(864, '2024-05-05', '6.6 kg', 29, '2024-05-06 11:27:40', '2024-05-06 11:27:40'),
(865, '2024-04-30', '6.1 kg', 29, '2024-05-06 11:27:40', '2024-05-06 11:27:40'),
(866, '2024-04-18', '3 kg', 29, '2024-05-06 11:27:40', '2024-05-06 11:27:40'),
(867, '2024-04-20', '0.6 kg', 29, '2024-05-06 11:27:40', '2024-05-06 11:27:40'),
(868, '2024-04-18', '9.7 kg', 29, '2024-05-06 11:27:40', '2024-05-06 11:27:40'),
(869, '2024-04-28', '0.1 kg', 29, '2024-05-06 11:27:40', '2024-05-06 11:27:40'),
(870, '2024-04-25', '3.9 kg', 29, '2024-05-06 11:27:40', '2024-05-06 11:27:40'),
(871, '2024-04-26', '5.9 kg', 30, '2024-05-06 11:27:40', '2024-05-06 11:27:40'),
(872, '2024-04-25', '2.8 kg', 30, '2024-05-06 11:27:40', '2024-05-06 11:27:40'),
(873, '2024-04-28', '1.8 kg', 30, '2024-05-06 11:27:40', '2024-05-06 11:27:40'),
(874, '2024-04-30', '5.8 kg', 30, '2024-05-06 11:27:40', '2024-05-06 11:27:40'),
(875, '2024-04-18', '7.7 kg', 30, '2024-05-06 11:27:40', '2024-05-06 11:27:40'),
(876, '2024-05-03', '8.1 kg', 30, '2024-05-06 11:27:40', '2024-05-06 11:27:40'),
(877, '2024-04-21', '1.2 kg', 30, '2024-05-06 11:27:40', '2024-05-06 11:27:40'),
(878, '2024-04-17', '0.6 kg', 30, '2024-05-06 11:27:40', '2024-05-06 11:27:40'),
(879, '2024-05-06', '0.3 kg', 30, '2024-05-06 11:27:40', '2024-05-06 11:27:40'),
(880, '2024-05-01', '7.2 kg', 30, '2024-05-06 11:27:40', '2024-05-06 11:27:40'),
(881, '2024-04-11', '6.9 kg', 30, '2024-05-06 11:27:40', '2024-05-06 11:27:40'),
(882, '2024-04-30', '9.9 kg', 30, '2024-05-06 11:27:40', '2024-05-06 11:27:40'),
(883, '2024-04-08', '9.3 kg', 30, '2024-05-06 11:27:40', '2024-05-06 11:27:40'),
(884, '2024-04-30', '9.3 kg', 30, '2024-05-06 11:27:40', '2024-05-06 11:27:40'),
(885, '2024-04-25', '3.8 kg', 30, '2024-05-06 11:27:40', '2024-05-06 11:27:40'),
(886, '2024-04-14', '3 kg', 30, '2024-05-06 11:27:40', '2024-05-06 11:27:40'),
(887, '2024-04-22', '8.6 kg', 30, '2024-05-06 11:27:40', '2024-05-06 11:27:40'),
(888, '2024-04-13', '9.4 kg', 30, '2024-05-06 11:27:40', '2024-05-06 11:27:40'),
(889, '2024-04-27', '8.4 kg', 30, '2024-05-06 11:27:40', '2024-05-06 11:27:40'),
(890, '2024-04-26', '5 kg', 30, '2024-05-06 11:27:40', '2024-05-06 11:27:40'),
(891, '2024-04-27', '8.2 kg', 30, '2024-05-06 11:27:40', '2024-05-06 11:27:40'),
(892, '2024-04-10', '7 kg', 30, '2024-05-06 11:27:40', '2024-05-06 11:27:40'),
(893, '2024-04-29', '2.1 kg', 30, '2024-05-06 11:27:40', '2024-05-06 11:27:40'),
(894, '2024-04-12', '8.7 kg', 30, '2024-05-06 11:27:40', '2024-05-06 11:27:40'),
(895, '2024-04-12', '10 kg', 30, '2024-05-06 11:27:40', '2024-05-06 11:27:40'),
(896, '2024-04-11', '5.1 kg', 30, '2024-05-06 11:27:40', '2024-05-06 11:27:40'),
(897, '2024-04-08', '5.9 kg', 30, '2024-05-06 11:27:40', '2024-05-06 11:27:40'),
(898, '2024-04-25', '7.1 kg', 30, '2024-05-06 11:27:40', '2024-05-06 11:27:40'),
(899, '2024-04-06', '8.4 kg', 30, '2024-05-06 11:27:40', '2024-05-06 11:27:40'),
(900, '2024-04-22', '5.6 kg', 30, '2024-05-06 11:27:40', '2024-05-06 11:27:40');

-- --------------------------------------------------------

--
-- Table structure for table `cache`
--

CREATE TABLE `cache` (
  `key` varchar(255) NOT NULL,
  `value` mediumtext NOT NULL,
  `expiration` int(11) NOT NULL
) ENGINE=InnoDB DEFAULT CHARSET=utf8mb4 COLLATE=utf8mb4_unicode_ci;

-- --------------------------------------------------------

--
-- Table structure for table `cache_locks`
--

CREATE TABLE `cache_locks` (
  `key` varchar(255) NOT NULL,
  `owner` varchar(255) NOT NULL,
  `expiration` int(11) NOT NULL
) ENGINE=InnoDB DEFAULT CHARSET=utf8mb4 COLLATE=utf8mb4_unicode_ci;

-- --------------------------------------------------------

--
-- Table structure for table `failed_jobs`
--

CREATE TABLE `failed_jobs` (
  `id` bigint(20) UNSIGNED NOT NULL,
  `uuid` varchar(255) NOT NULL,
  `connection` text NOT NULL,
  `queue` text NOT NULL,
  `payload` longtext NOT NULL,
  `exception` longtext NOT NULL,
  `failed_at` timestamp NOT NULL DEFAULT current_timestamp()
) ENGINE=InnoDB DEFAULT CHARSET=utf8mb4 COLLATE=utf8mb4_unicode_ci;

-- --------------------------------------------------------

--
-- Table structure for table `imunisasis`
--

CREATE TABLE `imunisasis` (
  `id` bigint(20) UNSIGNED NOT NULL,
  `anak_id` bigint(20) UNSIGNED NOT NULL,
  `jenis_imunisasi` enum('Hepatitis B','BCG','Polio tetes 1','DPT-HB-Hib 1','Polio tetes 2','PCV 1','DPT-HB-Hib 2','Polio tetes 3','PCV 2','DPT-HB-Hib 3','Polio tetes 4','Polio Suntik(IPV)','Campak-Rubella','JE','PCV 3') NOT NULL,
  `umur` int(11) NOT NULL,
  `tgl_imunisasi` date NOT NULL,
  `created_at` timestamp NULL DEFAULT NULL,
  `updated_at` timestamp NULL DEFAULT NULL
) ENGINE=InnoDB DEFAULT CHARSET=utf8mb4 COLLATE=utf8mb4_unicode_ci;

--
-- Dumping data for table `imunisasis`
--

INSERT INTO `imunisasis` (`id`, `anak_id`, `jenis_imunisasi`, `umur`, `tgl_imunisasi`, `created_at`, `updated_at`) VALUES
(1, 1, 'PCV 2', 20, '2001-12-30', '2024-05-06 11:27:36', '2024-05-06 11:27:36'),
(2, 1, 'PCV 1', 52, '2008-02-06', '2024-05-06 11:27:36', '2024-05-06 11:27:36'),
(3, 1, 'PCV 2', 44, '1981-05-22', '2024-05-06 11:27:36', '2024-05-06 11:27:36'),
(4, 1, 'Polio tetes 4', 48, '2009-01-05', '2024-05-06 11:27:36', '2024-05-06 11:27:36'),
(5, 1, 'BCG', 11, '2005-08-16', '2024-05-06 11:27:36', '2024-05-06 11:27:36'),
(6, 1, 'Polio tetes 2', 15, '2008-09-29', '2024-05-06 11:27:36', '2024-05-06 11:27:36'),
(7, 1, 'Hepatitis B', 8, '2012-04-11', '2024-05-06 11:27:36', '2024-05-06 11:27:36'),
(8, 1, 'PCV 1', 37, '2000-09-30', '2024-05-06 11:27:36', '2024-05-06 11:27:36'),
(9, 1, 'PCV 1', 19, '2002-05-05', '2024-05-06 11:27:36', '2024-05-06 11:27:36'),
(10, 1, 'Polio tetes 4', 48, '1992-10-07', '2024-05-06 11:27:36', '2024-05-06 11:27:36'),
(11, 1, 'DPT-HB-Hib 2', 6, '1995-10-19', '2024-05-06 11:27:36', '2024-05-06 11:27:36'),
(12, 1, 'PCV 2', 25, '1992-11-15', '2024-05-06 11:27:36', '2024-05-06 11:27:36'),
(13, 1, 'PCV 2', 49, '2010-02-28', '2024-05-06 11:27:36', '2024-05-06 11:27:36'),
(14, 1, 'DPT-HB-Hib 3', 29, '1987-02-27', '2024-05-06 11:27:36', '2024-05-06 11:27:36'),
(15, 1, 'Polio tetes 2', 13, '1989-08-22', '2024-05-06 11:27:36', '2024-05-06 11:27:36'),
(16, 1, 'JE', 33, '1998-08-06', '2024-05-06 11:27:36', '2024-05-06 11:27:36'),
(17, 1, 'Hepatitis B', 40, '1981-12-11', '2024-05-06 11:27:36', '2024-05-06 11:27:36'),
(18, 1, 'PCV 3', 12, '2018-05-16', '2024-05-06 11:27:36', '2024-05-06 11:27:36'),
(19, 1, 'Polio tetes 2', 57, '1983-09-19', '2024-05-06 11:27:36', '2024-05-06 11:27:36'),
(20, 1, 'DPT-HB-Hib 3', 6, '1971-12-31', '2024-05-06 11:27:36', '2024-05-06 11:27:36'),
(21, 1, 'DPT-HB-Hib 1', 7, '2021-05-07', '2024-05-06 11:27:36', '2024-05-06 11:27:36'),
(22, 1, 'Polio Suntik(IPV)', 10, '1995-06-16', '2024-05-06 11:27:36', '2024-05-06 11:27:36'),
(23, 1, 'JE', 26, '1972-05-25', '2024-05-06 11:27:36', '2024-05-06 11:27:36'),
(24, 1, 'Polio Suntik(IPV)', 56, '2023-07-22', '2024-05-06 11:27:36', '2024-05-06 11:27:36'),
(25, 1, 'PCV 2', 7, '2010-09-09', '2024-05-06 11:27:36', '2024-05-06 11:27:36'),
(26, 1, 'Polio tetes 2', 37, '1978-12-26', '2024-05-06 11:27:36', '2024-05-06 11:27:36'),
(27, 1, 'Polio tetes 2', 45, '1973-12-02', '2024-05-06 11:27:36', '2024-05-06 11:27:36'),
(28, 1, 'Polio Suntik(IPV)', 13, '2017-09-29', '2024-05-06 11:27:36', '2024-05-06 11:27:36'),
(29, 1, 'Polio tetes 1', 12, '2001-01-15', '2024-05-06 11:27:36', '2024-05-06 11:27:36'),
(30, 1, 'DPT-HB-Hib 3', 46, '2011-03-22', '2024-05-06 11:27:36', '2024-05-06 11:27:36'),
(31, 2, 'DPT-HB-Hib 2', 3, '1998-07-30', '2024-05-06 11:27:36', '2024-05-06 11:27:36'),
(32, 2, 'PCV 2', 47, '2017-01-14', '2024-05-06 11:27:36', '2024-05-06 11:27:36'),
(33, 2, 'Polio tetes 2', 2, '2015-02-05', '2024-05-06 11:27:36', '2024-05-06 11:27:36'),
(34, 2, 'PCV 3', 48, '2014-06-26', '2024-05-06 11:27:36', '2024-05-06 11:27:36'),
(35, 2, 'DPT-HB-Hib 3', 59, '1998-08-17', '2024-05-06 11:27:36', '2024-05-06 11:27:36'),
(36, 2, 'PCV 2', 38, '2020-01-22', '2024-05-06 11:27:36', '2024-05-06 11:27:36'),
(37, 2, 'PCV 2', 47, '1974-09-15', '2024-05-06 11:27:36', '2024-05-06 11:27:36'),
(38, 2, 'DPT-HB-Hib 1', 34, '2019-02-05', '2024-05-06 11:27:36', '2024-05-06 11:27:36'),
(39, 2, 'Polio tetes 4', 36, '2016-05-03', '2024-05-06 11:27:36', '2024-05-06 11:27:36'),
(40, 2, 'DPT-HB-Hib 2', 26, '1992-09-17', '2024-05-06 11:27:36', '2024-05-06 11:27:36'),
(41, 2, 'DPT-HB-Hib 1', 43, '1977-05-19', '2024-05-06 11:27:36', '2024-05-06 11:27:36'),
(42, 2, 'DPT-HB-Hib 3', 34, '1984-04-17', '2024-05-06 11:27:36', '2024-05-06 11:27:36'),
(43, 2, 'PCV 2', 58, '2001-08-20', '2024-05-06 11:27:36', '2024-05-06 11:27:36'),
(44, 2, 'Hepatitis B', 41, '1976-08-09', '2024-05-06 11:27:36', '2024-05-06 11:27:36'),
(45, 2, 'Polio tetes 2', 18, '1998-01-25', '2024-05-06 11:27:36', '2024-05-06 11:27:36'),
(46, 2, 'DPT-HB-Hib 2', 13, '2020-09-11', '2024-05-06 11:27:36', '2024-05-06 11:27:36'),
(47, 2, 'Polio tetes 2', 27, '1992-07-24', '2024-05-06 11:27:36', '2024-05-06 11:27:36'),
(48, 2, 'PCV 3', 10, '1989-07-07', '2024-05-06 11:27:36', '2024-05-06 11:27:36'),
(49, 2, 'Polio tetes 3', 28, '1983-04-03', '2024-05-06 11:27:36', '2024-05-06 11:27:36'),
(50, 2, 'Campak-Rubella', 28, '1998-05-12', '2024-05-06 11:27:36', '2024-05-06 11:27:36'),
(51, 2, 'Polio tetes 1', 43, '1989-05-27', '2024-05-06 11:27:36', '2024-05-06 11:27:36'),
(52, 2, 'DPT-HB-Hib 2', 60, '1976-03-02', '2024-05-06 11:27:36', '2024-05-06 11:27:36'),
(53, 2, 'Campak-Rubella', 9, '1990-07-31', '2024-05-06 11:27:36', '2024-05-06 11:27:36'),
(54, 2, 'Polio tetes 3', 16, '2006-03-27', '2024-05-06 11:27:36', '2024-05-06 11:27:36'),
(55, 2, 'BCG', 37, '1992-03-02', '2024-05-06 11:27:36', '2024-05-06 11:27:36'),
(56, 2, 'Polio tetes 4', 26, '1984-06-25', '2024-05-06 11:27:36', '2024-05-06 11:27:36'),
(57, 2, 'Campak-Rubella', 34, '1970-02-11', '2024-05-06 11:27:36', '2024-05-06 11:27:36'),
(58, 2, 'Hepatitis B', 31, '2016-10-23', '2024-05-06 11:27:36', '2024-05-06 11:27:36'),
(59, 2, 'Polio Suntik(IPV)', 50, '2001-01-13', '2024-05-06 11:27:36', '2024-05-06 11:27:36'),
(60, 2, 'Hepatitis B', 42, '1988-02-27', '2024-05-06 11:27:36', '2024-05-06 11:27:36'),
(61, 3, 'DPT-HB-Hib 3', 5, '2021-07-13', '2024-05-06 11:27:36', '2024-05-06 11:27:36'),
(62, 3, 'PCV 2', 29, '1993-07-13', '2024-05-06 11:27:36', '2024-05-06 11:27:36'),
(63, 3, 'Campak-Rubella', 33, '2011-10-26', '2024-05-06 11:27:36', '2024-05-06 11:27:36'),
(64, 3, 'DPT-HB-Hib 1', 38, '2007-03-08', '2024-05-06 11:27:36', '2024-05-06 11:27:36'),
(65, 3, 'DPT-HB-Hib 2', 45, '1976-09-03', '2024-05-06 11:27:36', '2024-05-06 11:27:36'),
(66, 3, 'DPT-HB-Hib 3', 35, '2021-10-03', '2024-05-06 11:27:36', '2024-05-06 11:27:36'),
(67, 3, 'Polio tetes 3', 15, '1993-06-25', '2024-05-06 11:27:36', '2024-05-06 11:27:36'),
(68, 3, 'Polio tetes 4', 49, '1982-08-05', '2024-05-06 11:27:36', '2024-05-06 11:27:36'),
(69, 3, 'Campak-Rubella', 17, '1981-05-24', '2024-05-06 11:27:36', '2024-05-06 11:27:36'),
(70, 3, 'PCV 2', 5, '2008-04-12', '2024-05-06 11:27:36', '2024-05-06 11:27:36'),
(71, 3, 'DPT-HB-Hib 2', 34, '1979-02-24', '2024-05-06 11:27:36', '2024-05-06 11:27:36'),
(72, 3, 'PCV 1', 15, '1997-03-04', '2024-05-06 11:27:36', '2024-05-06 11:27:36'),
(73, 3, 'DPT-HB-Hib 2', 9, '1995-06-05', '2024-05-06 11:27:36', '2024-05-06 11:27:36'),
(74, 3, 'PCV 2', 2, '2004-03-21', '2024-05-06 11:27:36', '2024-05-06 11:27:36'),
(75, 3, 'PCV 1', 3, '1993-04-28', '2024-05-06 11:27:36', '2024-05-06 11:27:36'),
(76, 3, 'Polio Suntik(IPV)', 53, '1990-08-17', '2024-05-06 11:27:36', '2024-05-06 11:27:36'),
(77, 3, 'PCV 2', 55, '2012-06-13', '2024-05-06 11:27:36', '2024-05-06 11:27:36'),
(78, 3, 'PCV 3', 45, '2021-06-02', '2024-05-06 11:27:36', '2024-05-06 11:27:36'),
(79, 3, 'Hepatitis B', 8, '1973-11-19', '2024-05-06 11:27:36', '2024-05-06 11:27:36'),
(80, 3, 'Hepatitis B', 45, '2020-09-11', '2024-05-06 11:27:36', '2024-05-06 11:27:36'),
(81, 3, 'Polio tetes 2', 46, '2021-07-06', '2024-05-06 11:27:36', '2024-05-06 11:27:36'),
(82, 3, 'Polio tetes 1', 33, '1995-02-03', '2024-05-06 11:27:36', '2024-05-06 11:27:36'),
(83, 3, 'Hepatitis B', 30, '1976-12-17', '2024-05-06 11:27:36', '2024-05-06 11:27:36'),
(84, 3, 'DPT-HB-Hib 2', 49, '1973-06-18', '2024-05-06 11:27:36', '2024-05-06 11:27:36'),
(85, 3, 'PCV 3', 10, '1982-07-01', '2024-05-06 11:27:36', '2024-05-06 11:27:36'),
(86, 3, 'BCG', 60, '1985-06-01', '2024-05-06 11:27:36', '2024-05-06 11:27:36'),
(87, 3, 'PCV 2', 21, '1979-05-08', '2024-05-06 11:27:36', '2024-05-06 11:27:36'),
(88, 3, 'BCG', 10, '1970-10-13', '2024-05-06 11:27:36', '2024-05-06 11:27:36'),
(89, 3, 'Polio tetes 1', 50, '1997-08-07', '2024-05-06 11:27:36', '2024-05-06 11:27:36'),
(90, 3, 'DPT-HB-Hib 2', 60, '2023-06-09', '2024-05-06 11:27:36', '2024-05-06 11:27:36'),
(91, 4, 'Polio tetes 3', 23, '1984-12-24', '2024-05-06 11:27:36', '2024-05-06 11:27:36'),
(92, 4, 'PCV 2', 7, '1992-09-29', '2024-05-06 11:27:36', '2024-05-06 11:27:36'),
(93, 4, 'Polio tetes 3', 5, '1984-03-25', '2024-05-06 11:27:36', '2024-05-06 11:27:36'),
(94, 4, 'PCV 2', 47, '2004-09-07', '2024-05-06 11:27:36', '2024-05-06 11:27:36'),
(95, 4, 'PCV 3', 60, '1974-12-21', '2024-05-06 11:27:36', '2024-05-06 11:27:36'),
(96, 4, 'Polio tetes 2', 55, '1990-11-30', '2024-05-06 11:27:36', '2024-05-06 11:27:36'),
(97, 4, 'Hepatitis B', 42, '1971-09-03', '2024-05-06 11:27:36', '2024-05-06 11:27:36'),
(98, 4, 'DPT-HB-Hib 1', 52, '1971-05-06', '2024-05-06 11:27:36', '2024-05-06 11:27:36'),
(99, 4, 'JE', 16, '2022-03-02', '2024-05-06 11:27:36', '2024-05-06 11:27:36'),
(100, 4, 'Polio tetes 1', 54, '1994-07-17', '2024-05-06 11:27:36', '2024-05-06 11:27:36'),
(101, 4, 'Campak-Rubella', 47, '1971-11-07', '2024-05-06 11:27:36', '2024-05-06 11:27:36'),
(102, 4, 'BCG', 9, '1976-06-05', '2024-05-06 11:27:36', '2024-05-06 11:27:36'),
(103, 4, 'Polio tetes 1', 51, '2010-06-18', '2024-05-06 11:27:36', '2024-05-06 11:27:36'),
(104, 4, 'JE', 20, '2009-02-23', '2024-05-06 11:27:36', '2024-05-06 11:27:36'),
(105, 4, 'Polio tetes 4', 11, '2009-09-21', '2024-05-06 11:27:36', '2024-05-06 11:27:36'),
(106, 4, 'Hepatitis B', 40, '1986-04-16', '2024-05-06 11:27:36', '2024-05-06 11:27:36'),
(107, 4, 'DPT-HB-Hib 1', 32, '2019-11-28', '2024-05-06 11:27:36', '2024-05-06 11:27:36'),
(108, 4, 'DPT-HB-Hib 1', 43, '2008-08-10', '2024-05-06 11:27:36', '2024-05-06 11:27:36'),
(109, 4, 'DPT-HB-Hib 3', 25, '1978-02-20', '2024-05-06 11:27:36', '2024-05-06 11:27:36'),
(110, 4, 'Polio tetes 2', 31, '1986-10-18', '2024-05-06 11:27:36', '2024-05-06 11:27:36'),
(111, 4, 'Hepatitis B', 17, '1990-01-16', '2024-05-06 11:27:36', '2024-05-06 11:27:36'),
(112, 4, 'BCG', 26, '1980-06-30', '2024-05-06 11:27:36', '2024-05-06 11:27:36'),
(113, 4, 'Polio tetes 2', 31, '1997-01-15', '2024-05-06 11:27:36', '2024-05-06 11:27:36'),
(114, 4, 'Polio tetes 4', 52, '2019-03-23', '2024-05-06 11:27:36', '2024-05-06 11:27:36'),
(115, 4, 'Polio tetes 4', 36, '2000-07-27', '2024-05-06 11:27:36', '2024-05-06 11:27:36'),
(116, 4, 'Polio Suntik(IPV)', 33, '1989-10-01', '2024-05-06 11:27:36', '2024-05-06 11:27:36'),
(117, 4, 'Polio tetes 3', 42, '1974-04-01', '2024-05-06 11:27:36', '2024-05-06 11:27:36'),
(118, 4, 'PCV 2', 59, '1995-12-07', '2024-05-06 11:27:36', '2024-05-06 11:27:36'),
(119, 4, 'Polio tetes 3', 43, '1974-07-14', '2024-05-06 11:27:36', '2024-05-06 11:27:36'),
(120, 4, 'DPT-HB-Hib 2', 42, '2021-05-24', '2024-05-06 11:27:36', '2024-05-06 11:27:36'),
(121, 5, 'PCV 2', 3, '1985-03-01', '2024-05-06 11:27:37', '2024-05-06 11:27:37'),
(122, 5, 'PCV 2', 47, '2008-08-12', '2024-05-06 11:27:37', '2024-05-06 11:27:37'),
(123, 5, 'PCV 2', 24, '1977-11-03', '2024-05-06 11:27:37', '2024-05-06 11:27:37'),
(124, 5, 'Polio tetes 2', 49, '2017-05-11', '2024-05-06 11:27:37', '2024-05-06 11:27:37'),
(125, 5, 'JE', 27, '1996-04-02', '2024-05-06 11:27:37', '2024-05-06 11:27:37'),
(126, 5, 'PCV 1', 47, '1993-03-27', '2024-05-06 11:27:37', '2024-05-06 11:27:37'),
(127, 5, 'Hepatitis B', 5, '1997-07-11', '2024-05-06 11:27:37', '2024-05-06 11:27:37'),
(128, 5, 'DPT-HB-Hib 3', 23, '1983-11-14', '2024-05-06 11:27:37', '2024-05-06 11:27:37'),
(129, 5, 'DPT-HB-Hib 1', 43, '2005-04-30', '2024-05-06 11:27:37', '2024-05-06 11:27:37'),
(130, 5, 'PCV 2', 16, '1999-03-06', '2024-05-06 11:27:37', '2024-05-06 11:27:37'),
(131, 5, 'PCV 3', 32, '1985-09-18', '2024-05-06 11:27:37', '2024-05-06 11:27:37'),
(132, 5, 'PCV 2', 24, '1979-04-10', '2024-05-06 11:27:37', '2024-05-06 11:27:37'),
(133, 5, 'Polio tetes 2', 37, '2004-07-03', '2024-05-06 11:27:37', '2024-05-06 11:27:37'),
(134, 5, 'Polio Suntik(IPV)', 36, '1985-04-06', '2024-05-06 11:27:37', '2024-05-06 11:27:37'),
(135, 5, 'Polio tetes 4', 7, '1977-07-29', '2024-05-06 11:27:37', '2024-05-06 11:27:37'),
(136, 5, 'Polio tetes 4', 6, '1990-03-27', '2024-05-06 11:27:37', '2024-05-06 11:27:37'),
(137, 5, 'BCG', 9, '2015-10-07', '2024-05-06 11:27:37', '2024-05-06 11:27:37'),
(138, 5, 'JE', 21, '2004-05-11', '2024-05-06 11:27:37', '2024-05-06 11:27:37'),
(139, 5, 'PCV 1', 45, '2005-03-17', '2024-05-06 11:27:37', '2024-05-06 11:27:37'),
(140, 5, 'Polio tetes 1', 49, '2021-04-07', '2024-05-06 11:27:37', '2024-05-06 11:27:37'),
(141, 5, 'Polio tetes 4', 22, '1983-08-21', '2024-05-06 11:27:37', '2024-05-06 11:27:37'),
(142, 5, 'Polio tetes 3', 15, '1997-03-17', '2024-05-06 11:27:37', '2024-05-06 11:27:37'),
(143, 5, 'Polio tetes 3', 59, '2002-05-04', '2024-05-06 11:27:37', '2024-05-06 11:27:37'),
(144, 5, 'Hepatitis B', 46, '1980-07-28', '2024-05-06 11:27:37', '2024-05-06 11:27:37'),
(145, 5, 'PCV 3', 21, '1989-08-08', '2024-05-06 11:27:37', '2024-05-06 11:27:37'),
(146, 5, 'Hepatitis B', 50, '2014-10-16', '2024-05-06 11:27:37', '2024-05-06 11:27:37'),
(147, 5, 'DPT-HB-Hib 3', 38, '1984-03-28', '2024-05-06 11:27:37', '2024-05-06 11:27:37'),
(148, 5, 'DPT-HB-Hib 3', 28, '2006-04-11', '2024-05-06 11:27:37', '2024-05-06 11:27:37'),
(149, 5, 'DPT-HB-Hib 1', 49, '2020-06-13', '2024-05-06 11:27:37', '2024-05-06 11:27:37'),
(150, 5, 'DPT-HB-Hib 3', 49, '2009-09-25', '2024-05-06 11:27:37', '2024-05-06 11:27:37'),
(151, 6, 'DPT-HB-Hib 1', 40, '1978-05-12', '2024-05-06 11:27:37', '2024-05-06 11:27:37'),
(152, 6, 'DPT-HB-Hib 2', 42, '1993-08-10', '2024-05-06 11:27:37', '2024-05-06 11:27:37'),
(153, 6, 'Polio tetes 2', 32, '2011-08-20', '2024-05-06 11:27:37', '2024-05-06 11:27:37'),
(154, 6, 'PCV 3', 44, '2000-06-13', '2024-05-06 11:27:37', '2024-05-06 11:27:37'),
(155, 6, 'Polio tetes 2', 20, '2015-05-12', '2024-05-06 11:27:37', '2024-05-06 11:27:37'),
(156, 6, 'Campak-Rubella', 2, '1988-07-26', '2024-05-06 11:27:37', '2024-05-06 11:27:37'),
(157, 6, 'Polio Suntik(IPV)', 23, '2020-10-29', '2024-05-06 11:27:37', '2024-05-06 11:27:37'),
(158, 6, 'BCG', 25, '1970-10-26', '2024-05-06 11:27:37', '2024-05-06 11:27:37'),
(159, 6, 'Hepatitis B', 34, '1984-06-24', '2024-05-06 11:27:37', '2024-05-06 11:27:37'),
(160, 6, 'PCV 3', 52, '2001-06-03', '2024-05-06 11:27:37', '2024-05-06 11:27:37'),
(161, 6, 'Polio tetes 1', 21, '1976-01-20', '2024-05-06 11:27:37', '2024-05-06 11:27:37'),
(162, 6, 'Polio tetes 1', 55, '1971-12-29', '2024-05-06 11:27:37', '2024-05-06 11:27:37'),
(163, 6, 'JE', 13, '1982-02-09', '2024-05-06 11:27:37', '2024-05-06 11:27:37'),
(164, 6, 'PCV 2', 39, '1981-02-21', '2024-05-06 11:27:37', '2024-05-06 11:27:37'),
(165, 6, 'JE', 24, '1975-10-30', '2024-05-06 11:27:37', '2024-05-06 11:27:37'),
(166, 6, 'Polio tetes 1', 47, '2018-07-27', '2024-05-06 11:27:37', '2024-05-06 11:27:37'),
(167, 6, 'PCV 1', 37, '2019-01-31', '2024-05-06 11:27:37', '2024-05-06 11:27:37'),
(168, 6, 'Campak-Rubella', 39, '2012-07-30', '2024-05-06 11:27:37', '2024-05-06 11:27:37'),
(169, 6, 'BCG', 28, '1981-04-19', '2024-05-06 11:27:37', '2024-05-06 11:27:37'),
(170, 6, 'Polio tetes 3', 54, '1978-09-06', '2024-05-06 11:27:37', '2024-05-06 11:27:37'),
(171, 6, 'Polio tetes 3', 18, '1994-04-05', '2024-05-06 11:27:37', '2024-05-06 11:27:37'),
(172, 6, 'Polio tetes 1', 22, '2022-04-09', '2024-05-06 11:27:37', '2024-05-06 11:27:37'),
(173, 6, 'Campak-Rubella', 32, '2008-02-26', '2024-05-06 11:27:37', '2024-05-06 11:27:37'),
(174, 6, 'DPT-HB-Hib 1', 10, '2001-05-25', '2024-05-06 11:27:37', '2024-05-06 11:27:37'),
(175, 6, 'JE', 14, '2017-11-01', '2024-05-06 11:27:37', '2024-05-06 11:27:37'),
(176, 6, 'DPT-HB-Hib 1', 52, '1974-09-21', '2024-05-06 11:27:37', '2024-05-06 11:27:37'),
(177, 6, 'DPT-HB-Hib 2', 8, '1976-10-09', '2024-05-06 11:27:37', '2024-05-06 11:27:37'),
(178, 6, 'DPT-HB-Hib 1', 39, '1996-01-03', '2024-05-06 11:27:37', '2024-05-06 11:27:37'),
(179, 6, 'PCV 3', 38, '1983-06-09', '2024-05-06 11:27:37', '2024-05-06 11:27:37'),
(180, 6, 'Polio tetes 1', 21, '1971-02-28', '2024-05-06 11:27:37', '2024-05-06 11:27:37'),
(181, 7, 'DPT-HB-Hib 3', 28, '1970-05-08', '2024-05-06 11:27:37', '2024-05-06 11:27:37'),
(182, 7, 'Polio tetes 1', 28, '1989-02-10', '2024-05-06 11:27:37', '2024-05-06 11:27:37'),
(183, 7, 'Polio tetes 2', 30, '2005-11-14', '2024-05-06 11:27:37', '2024-05-06 11:27:37'),
(184, 7, 'Polio Suntik(IPV)', 11, '2018-09-21', '2024-05-06 11:27:37', '2024-05-06 11:27:37'),
(185, 7, 'Polio tetes 2', 37, '2011-07-26', '2024-05-06 11:27:37', '2024-05-06 11:27:37'),
(186, 7, 'Hepatitis B', 58, '1997-08-01', '2024-05-06 11:27:37', '2024-05-06 11:27:37'),
(187, 7, 'BCG', 23, '2015-07-17', '2024-05-06 11:27:37', '2024-05-06 11:27:37'),
(188, 7, 'Polio tetes 3', 19, '2009-12-16', '2024-05-06 11:27:37', '2024-05-06 11:27:37'),
(189, 7, 'PCV 3', 41, '1971-09-13', '2024-05-06 11:27:37', '2024-05-06 11:27:37'),
(190, 7, 'Polio Suntik(IPV)', 2, '1993-01-28', '2024-05-06 11:27:37', '2024-05-06 11:27:37'),
(191, 7, 'Polio tetes 2', 23, '1971-09-10', '2024-05-06 11:27:37', '2024-05-06 11:27:37'),
(192, 7, 'Campak-Rubella', 45, '1988-01-03', '2024-05-06 11:27:37', '2024-05-06 11:27:37'),
(193, 7, 'JE', 23, '1974-12-12', '2024-05-06 11:27:37', '2024-05-06 11:27:37'),
(194, 7, 'BCG', 41, '2011-01-12', '2024-05-06 11:27:37', '2024-05-06 11:27:37'),
(195, 7, 'PCV 3', 21, '1996-03-17', '2024-05-06 11:27:37', '2024-05-06 11:27:37'),
(196, 7, 'DPT-HB-Hib 1', 49, '1993-12-22', '2024-05-06 11:27:37', '2024-05-06 11:27:37'),
(197, 7, 'BCG', 13, '1980-05-27', '2024-05-06 11:27:37', '2024-05-06 11:27:37'),
(198, 7, 'Hepatitis B', 15, '1999-09-08', '2024-05-06 11:27:37', '2024-05-06 11:27:37'),
(199, 7, 'Campak-Rubella', 45, '1996-11-27', '2024-05-06 11:27:37', '2024-05-06 11:27:37'),
(200, 7, 'DPT-HB-Hib 2', 38, '2013-07-12', '2024-05-06 11:27:37', '2024-05-06 11:27:37'),
(201, 7, 'Campak-Rubella', 34, '2021-05-10', '2024-05-06 11:27:37', '2024-05-06 11:27:37'),
(202, 7, 'DPT-HB-Hib 3', 50, '1994-10-26', '2024-05-06 11:27:37', '2024-05-06 11:27:37'),
(203, 7, 'Polio tetes 2', 11, '2023-04-22', '2024-05-06 11:27:37', '2024-05-06 11:27:37'),
(204, 7, 'DPT-HB-Hib 3', 32, '1985-01-07', '2024-05-06 11:27:37', '2024-05-06 11:27:37'),
(205, 7, 'Campak-Rubella', 4, '2014-06-27', '2024-05-06 11:27:37', '2024-05-06 11:27:37'),
(206, 7, 'BCG', 35, '2012-03-08', '2024-05-06 11:27:37', '2024-05-06 11:27:37'),
(207, 7, 'DPT-HB-Hib 2', 16, '1983-10-05', '2024-05-06 11:27:37', '2024-05-06 11:27:37'),
(208, 7, 'Polio tetes 1', 44, '2000-11-23', '2024-05-06 11:27:37', '2024-05-06 11:27:37'),
(209, 7, 'Campak-Rubella', 35, '2014-11-16', '2024-05-06 11:27:37', '2024-05-06 11:27:37'),
(210, 7, 'DPT-HB-Hib 3', 48, '2019-03-16', '2024-05-06 11:27:37', '2024-05-06 11:27:37'),
(211, 8, 'PCV 3', 56, '2017-05-22', '2024-05-06 11:27:37', '2024-05-06 11:27:37'),
(212, 8, 'Campak-Rubella', 52, '2011-11-30', '2024-05-06 11:27:37', '2024-05-06 11:27:37'),
(213, 8, 'PCV 2', 25, '1998-06-23', '2024-05-06 11:27:37', '2024-05-06 11:27:37'),
(214, 8, 'PCV 1', 26, '1974-09-24', '2024-05-06 11:27:37', '2024-05-06 11:27:37'),
(215, 8, 'BCG', 45, '2000-05-27', '2024-05-06 11:27:37', '2024-05-06 11:27:37'),
(216, 8, 'JE', 33, '1983-01-07', '2024-05-06 11:27:37', '2024-05-06 11:27:37'),
(217, 8, 'Polio Suntik(IPV)', 56, '1971-09-05', '2024-05-06 11:27:37', '2024-05-06 11:27:37'),
(218, 8, 'Polio tetes 1', 5, '2002-04-02', '2024-05-06 11:27:37', '2024-05-06 11:27:37'),
(219, 8, 'Campak-Rubella', 38, '1994-08-27', '2024-05-06 11:27:37', '2024-05-06 11:27:37'),
(220, 8, 'Polio tetes 2', 16, '2005-03-25', '2024-05-06 11:27:37', '2024-05-06 11:27:37'),
(221, 8, 'PCV 1', 39, '1997-09-10', '2024-05-06 11:27:37', '2024-05-06 11:27:37'),
(222, 8, 'DPT-HB-Hib 3', 42, '1999-10-13', '2024-05-06 11:27:37', '2024-05-06 11:27:37'),
(223, 8, 'PCV 3', 29, '2009-02-02', '2024-05-06 11:27:37', '2024-05-06 11:27:37'),
(224, 8, 'Polio tetes 3', 17, '1985-07-25', '2024-05-06 11:27:37', '2024-05-06 11:27:37'),
(225, 8, 'JE', 30, '1972-07-30', '2024-05-06 11:27:37', '2024-05-06 11:27:37'),
(226, 8, 'Polio tetes 1', 35, '1995-07-07', '2024-05-06 11:27:37', '2024-05-06 11:27:37'),
(227, 8, 'Polio tetes 1', 13, '1981-05-10', '2024-05-06 11:27:37', '2024-05-06 11:27:37'),
(228, 8, 'DPT-HB-Hib 3', 33, '2002-09-06', '2024-05-06 11:27:37', '2024-05-06 11:27:37'),
(229, 8, 'Hepatitis B', 37, '1983-01-17', '2024-05-06 11:27:37', '2024-05-06 11:27:37'),
(230, 8, 'DPT-HB-Hib 1', 7, '2008-04-11', '2024-05-06 11:27:37', '2024-05-06 11:27:37'),
(231, 8, 'Polio tetes 1', 11, '2021-10-20', '2024-05-06 11:27:37', '2024-05-06 11:27:37'),
(232, 8, 'DPT-HB-Hib 2', 45, '2014-06-24', '2024-05-06 11:27:37', '2024-05-06 11:27:37'),
(233, 8, 'PCV 2', 38, '1976-02-27', '2024-05-06 11:27:37', '2024-05-06 11:27:37'),
(234, 8, 'BCG', 24, '1980-04-20', '2024-05-06 11:27:37', '2024-05-06 11:27:37'),
(235, 8, 'PCV 1', 35, '2001-02-19', '2024-05-06 11:27:37', '2024-05-06 11:27:37'),
(236, 8, 'Campak-Rubella', 44, '1983-06-06', '2024-05-06 11:27:37', '2024-05-06 11:27:37'),
(237, 8, 'DPT-HB-Hib 3', 51, '1988-12-02', '2024-05-06 11:27:37', '2024-05-06 11:27:37'),
(238, 8, 'Polio Suntik(IPV)', 51, '2006-03-02', '2024-05-06 11:27:37', '2024-05-06 11:27:37'),
(239, 8, 'PCV 2', 7, '2011-03-14', '2024-05-06 11:27:37', '2024-05-06 11:27:37'),
(240, 8, 'Polio tetes 4', 44, '2008-11-24', '2024-05-06 11:27:37', '2024-05-06 11:27:37'),
(241, 9, 'Polio tetes 4', 41, '1974-04-16', '2024-05-06 11:27:37', '2024-05-06 11:27:37'),
(242, 9, 'Polio tetes 3', 5, '1981-02-28', '2024-05-06 11:27:37', '2024-05-06 11:27:37'),
(243, 9, 'BCG', 7, '2000-12-16', '2024-05-06 11:27:37', '2024-05-06 11:27:37'),
(244, 9, 'PCV 2', 45, '1977-09-24', '2024-05-06 11:27:37', '2024-05-06 11:27:37'),
(245, 9, 'DPT-HB-Hib 3', 8, '1980-12-23', '2024-05-06 11:27:37', '2024-05-06 11:27:37'),
(246, 9, 'JE', 39, '1971-09-13', '2024-05-06 11:27:37', '2024-05-06 11:27:37'),
(247, 9, 'Hepatitis B', 12, '2009-07-05', '2024-05-06 11:27:37', '2024-05-06 11:27:37'),
(248, 9, 'Campak-Rubella', 22, '2014-06-11', '2024-05-06 11:27:37', '2024-05-06 11:27:37'),
(249, 9, 'DPT-HB-Hib 1', 47, '2014-05-05', '2024-05-06 11:27:37', '2024-05-06 11:27:37'),
(250, 9, 'Campak-Rubella', 43, '2014-08-26', '2024-05-06 11:27:37', '2024-05-06 11:27:37'),
(251, 9, 'PCV 2', 13, '1994-10-09', '2024-05-06 11:27:37', '2024-05-06 11:27:37'),
(252, 9, 'Polio tetes 2', 34, '2010-12-30', '2024-05-06 11:27:37', '2024-05-06 11:27:37'),
(253, 9, 'DPT-HB-Hib 3', 7, '1983-09-02', '2024-05-06 11:27:37', '2024-05-06 11:27:37'),
(254, 9, 'Polio tetes 2', 7, '2016-07-17', '2024-05-06 11:27:37', '2024-05-06 11:27:37'),
(255, 9, 'Polio tetes 4', 36, '2014-03-11', '2024-05-06 11:27:37', '2024-05-06 11:27:37'),
(256, 9, 'DPT-HB-Hib 2', 40, '2018-02-21', '2024-05-06 11:27:37', '2024-05-06 11:27:37'),
(257, 9, 'PCV 3', 20, '2013-12-05', '2024-05-06 11:27:37', '2024-05-06 11:27:37'),
(258, 9, 'PCV 1', 21, '2013-06-05', '2024-05-06 11:27:37', '2024-05-06 11:27:37'),
(259, 9, 'JE', 16, '1975-06-13', '2024-05-06 11:27:37', '2024-05-06 11:27:37'),
(260, 9, 'Polio tetes 4', 5, '1980-07-03', '2024-05-06 11:27:37', '2024-05-06 11:27:37'),
(261, 9, 'Campak-Rubella', 56, '1988-01-23', '2024-05-06 11:27:37', '2024-05-06 11:27:37'),
(262, 9, 'BCG', 33, '1972-07-06', '2024-05-06 11:27:37', '2024-05-06 11:27:37'),
(263, 9, 'Polio tetes 1', 27, '2023-11-23', '2024-05-06 11:27:37', '2024-05-06 11:27:37'),
(264, 9, 'PCV 3', 60, '2013-09-27', '2024-05-06 11:27:37', '2024-05-06 11:27:37'),
(265, 9, 'BCG', 21, '1977-04-21', '2024-05-06 11:27:37', '2024-05-06 11:27:37'),
(266, 9, 'DPT-HB-Hib 3', 49, '1993-09-17', '2024-05-06 11:27:37', '2024-05-06 11:27:37'),
(267, 9, 'Polio tetes 3', 27, '1977-08-04', '2024-05-06 11:27:37', '2024-05-06 11:27:37'),
(268, 9, 'Polio tetes 2', 8, '1974-06-13', '2024-05-06 11:27:37', '2024-05-06 11:27:37'),
(269, 9, 'Polio tetes 1', 46, '2015-12-31', '2024-05-06 11:27:37', '2024-05-06 11:27:37'),
(270, 9, 'DPT-HB-Hib 2', 48, '1975-05-19', '2024-05-06 11:27:37', '2024-05-06 11:27:37'),
(271, 10, 'Polio Suntik(IPV)', 3, '2016-04-13', '2024-05-06 11:27:37', '2024-05-06 11:27:37'),
(272, 10, 'DPT-HB-Hib 1', 43, '2002-01-09', '2024-05-06 11:27:37', '2024-05-06 11:27:37'),
(273, 10, 'PCV 2', 19, '2017-09-10', '2024-05-06 11:27:37', '2024-05-06 11:27:37'),
(274, 10, 'Polio tetes 3', 20, '1980-11-25', '2024-05-06 11:27:37', '2024-05-06 11:27:37'),
(275, 10, 'PCV 2', 8, '2018-12-19', '2024-05-06 11:27:37', '2024-05-06 11:27:37'),
(276, 10, 'Polio tetes 2', 44, '2018-11-01', '2024-05-06 11:27:37', '2024-05-06 11:27:37'),
(277, 10, 'DPT-HB-Hib 1', 49, '2015-07-24', '2024-05-06 11:27:37', '2024-05-06 11:27:37'),
(278, 10, 'Polio tetes 3', 27, '2002-11-30', '2024-05-06 11:27:37', '2024-05-06 11:27:37'),
(279, 10, 'BCG', 59, '1992-12-30', '2024-05-06 11:27:37', '2024-05-06 11:27:37'),
(280, 10, 'Polio tetes 2', 31, '1999-08-03', '2024-05-06 11:27:37', '2024-05-06 11:27:37'),
(281, 10, 'PCV 3', 18, '2018-11-14', '2024-05-06 11:27:37', '2024-05-06 11:27:37'),
(282, 10, 'PCV 1', 11, '2016-03-14', '2024-05-06 11:27:37', '2024-05-06 11:27:37'),
(283, 10, 'Hepatitis B', 4, '1976-08-30', '2024-05-06 11:27:37', '2024-05-06 11:27:37'),
(284, 10, 'Polio tetes 4', 9, '1990-06-18', '2024-05-06 11:27:37', '2024-05-06 11:27:37'),
(285, 10, 'PCV 2', 2, '2016-04-12', '2024-05-06 11:27:37', '2024-05-06 11:27:37'),
(286, 10, 'Polio tetes 4', 43, '2017-01-19', '2024-05-06 11:27:37', '2024-05-06 11:27:37'),
(287, 10, 'Polio Suntik(IPV)', 6, '2023-05-31', '2024-05-06 11:27:37', '2024-05-06 11:27:37'),
(288, 10, 'Campak-Rubella', 32, '1993-08-18', '2024-05-06 11:27:37', '2024-05-06 11:27:37'),
(289, 10, 'DPT-HB-Hib 1', 25, '2023-09-26', '2024-05-06 11:27:37', '2024-05-06 11:27:37'),
(290, 10, 'Polio tetes 1', 7, '2014-06-22', '2024-05-06 11:27:37', '2024-05-06 11:27:37'),
(291, 10, 'Campak-Rubella', 10, '1999-05-30', '2024-05-06 11:27:37', '2024-05-06 11:27:37'),
(292, 10, 'DPT-HB-Hib 2', 31, '2011-01-01', '2024-05-06 11:27:37', '2024-05-06 11:27:37'),
(293, 10, 'Hepatitis B', 57, '1982-05-28', '2024-05-06 11:27:37', '2024-05-06 11:27:37'),
(294, 10, 'Hepatitis B', 24, '1986-12-11', '2024-05-06 11:27:37', '2024-05-06 11:27:37'),
(295, 10, 'Polio tetes 3', 55, '1975-10-26', '2024-05-06 11:27:37', '2024-05-06 11:27:37'),
(296, 10, 'JE', 9, '1986-03-07', '2024-05-06 11:27:37', '2024-05-06 11:27:37'),
(297, 10, 'Campak-Rubella', 12, '1989-11-12', '2024-05-06 11:27:37', '2024-05-06 11:27:37'),
(298, 10, 'Hepatitis B', 26, '2000-12-30', '2024-05-06 11:27:37', '2024-05-06 11:27:37'),
(299, 10, 'PCV 2', 46, '1985-10-23', '2024-05-06 11:27:37', '2024-05-06 11:27:37'),
(300, 10, 'Polio tetes 1', 15, '2006-12-17', '2024-05-06 11:27:37', '2024-05-06 11:27:37'),
(301, 11, 'JE', 54, '1995-11-18', '2024-05-06 11:27:37', '2024-05-06 11:27:37'),
(302, 11, 'BCG', 34, '1995-03-20', '2024-05-06 11:27:37', '2024-05-06 11:27:37'),
(303, 11, 'JE', 4, '1996-07-05', '2024-05-06 11:27:37', '2024-05-06 11:27:37'),
(304, 11, 'JE', 7, '1991-12-31', '2024-05-06 11:27:37', '2024-05-06 11:27:37'),
(305, 11, 'DPT-HB-Hib 3', 32, '1996-03-11', '2024-05-06 11:27:37', '2024-05-06 11:27:37'),
(306, 11, 'Campak-Rubella', 56, '1975-08-13', '2024-05-06 11:27:37', '2024-05-06 11:27:37'),
(307, 11, 'DPT-HB-Hib 1', 38, '2014-07-31', '2024-05-06 11:27:37', '2024-05-06 11:27:37'),
(308, 11, 'JE', 51, '1986-06-13', '2024-05-06 11:27:37', '2024-05-06 11:27:37'),
(309, 11, 'Polio tetes 3', 14, '2020-10-13', '2024-05-06 11:27:37', '2024-05-06 11:27:37'),
(310, 11, 'DPT-HB-Hib 2', 38, '1997-01-29', '2024-05-06 11:27:37', '2024-05-06 11:27:37'),
(311, 11, 'JE', 42, '2014-02-20', '2024-05-06 11:27:37', '2024-05-06 11:27:37'),
(312, 11, 'Polio tetes 2', 48, '2011-07-06', '2024-05-06 11:27:37', '2024-05-06 11:27:37'),
(313, 11, 'Campak-Rubella', 44, '1982-02-28', '2024-05-06 11:27:37', '2024-05-06 11:27:37'),
(314, 11, 'PCV 3', 9, '1992-09-30', '2024-05-06 11:27:37', '2024-05-06 11:27:37'),
(315, 11, 'Polio tetes 1', 24, '1974-09-30', '2024-05-06 11:27:37', '2024-05-06 11:27:37'),
(316, 11, 'JE', 16, '1982-07-04', '2024-05-06 11:27:37', '2024-05-06 11:27:37'),
(317, 11, 'Polio tetes 4', 41, '1984-01-16', '2024-05-06 11:27:37', '2024-05-06 11:27:37'),
(318, 11, 'Polio tetes 1', 38, '2009-10-27', '2024-05-06 11:27:37', '2024-05-06 11:27:37'),
(319, 11, 'DPT-HB-Hib 2', 32, '1986-08-28', '2024-05-06 11:27:37', '2024-05-06 11:27:37'),
(320, 11, 'Polio Suntik(IPV)', 48, '1988-12-10', '2024-05-06 11:27:37', '2024-05-06 11:27:37'),
(321, 11, 'PCV 3', 6, '1983-09-29', '2024-05-06 11:27:37', '2024-05-06 11:27:37'),
(322, 11, 'DPT-HB-Hib 3', 58, '2002-05-31', '2024-05-06 11:27:37', '2024-05-06 11:27:37'),
(323, 11, 'DPT-HB-Hib 2', 58, '2016-01-11', '2024-05-06 11:27:37', '2024-05-06 11:27:37'),
(324, 11, 'Polio tetes 3', 47, '2019-10-06', '2024-05-06 11:27:37', '2024-05-06 11:27:37'),
(325, 11, 'PCV 3', 36, '2001-06-10', '2024-05-06 11:27:37', '2024-05-06 11:27:37'),
(326, 11, 'DPT-HB-Hib 3', 32, '1974-06-12', '2024-05-06 11:27:37', '2024-05-06 11:27:37'),
(327, 11, 'Polio tetes 4', 49, '1972-04-27', '2024-05-06 11:27:37', '2024-05-06 11:27:37'),
(328, 11, 'Polio Suntik(IPV)', 44, '1998-02-01', '2024-05-06 11:27:37', '2024-05-06 11:27:37'),
(329, 11, 'Campak-Rubella', 26, '2000-09-18', '2024-05-06 11:27:37', '2024-05-06 11:27:37'),
(330, 11, 'Hepatitis B', 32, '1977-01-22', '2024-05-06 11:27:37', '2024-05-06 11:27:37'),
(331, 12, 'PCV 2', 7, '2016-07-04', '2024-05-06 11:27:38', '2024-05-06 11:27:38'),
(332, 12, 'DPT-HB-Hib 2', 6, '2011-09-25', '2024-05-06 11:27:38', '2024-05-06 11:27:38'),
(333, 12, 'PCV 3', 35, '2019-11-22', '2024-05-06 11:27:38', '2024-05-06 11:27:38'),
(334, 12, 'Polio Suntik(IPV)', 37, '2003-11-11', '2024-05-06 11:27:38', '2024-05-06 11:27:38'),
(335, 12, 'DPT-HB-Hib 1', 39, '2006-02-11', '2024-05-06 11:27:38', '2024-05-06 11:27:38'),
(336, 12, 'DPT-HB-Hib 2', 41, '1996-06-19', '2024-05-06 11:27:38', '2024-05-06 11:27:38'),
(337, 12, 'PCV 1', 6, '2021-12-07', '2024-05-06 11:27:38', '2024-05-06 11:27:38'),
(338, 12, 'Polio tetes 1', 57, '1971-06-17', '2024-05-06 11:27:38', '2024-05-06 11:27:38'),
(339, 12, 'JE', 1, '1997-09-02', '2024-05-06 11:27:38', '2024-05-06 11:27:38'),
(340, 12, 'PCV 3', 33, '1996-05-23', '2024-05-06 11:27:38', '2024-05-06 11:27:38'),
(341, 12, 'JE', 34, '1972-02-18', '2024-05-06 11:27:38', '2024-05-06 11:27:38'),
(342, 12, 'Hepatitis B', 11, '1988-03-06', '2024-05-06 11:27:38', '2024-05-06 11:27:38'),
(343, 12, 'DPT-HB-Hib 2', 43, '1973-01-06', '2024-05-06 11:27:38', '2024-05-06 11:27:38'),
(344, 12, 'Polio tetes 1', 3, '2003-07-19', '2024-05-06 11:27:38', '2024-05-06 11:27:38'),
(345, 12, 'BCG', 27, '2022-09-30', '2024-05-06 11:27:38', '2024-05-06 11:27:38'),
(346, 12, 'JE', 40, '1997-12-05', '2024-05-06 11:27:38', '2024-05-06 11:27:38'),
(347, 12, 'PCV 3', 1, '2013-10-07', '2024-05-06 11:27:38', '2024-05-06 11:27:38'),
(348, 12, 'PCV 3', 53, '1989-08-15', '2024-05-06 11:27:38', '2024-05-06 11:27:38'),
(349, 12, 'Polio tetes 2', 53, '2009-03-05', '2024-05-06 11:27:38', '2024-05-06 11:27:38'),
(350, 12, 'Polio Suntik(IPV)', 35, '2003-03-12', '2024-05-06 11:27:38', '2024-05-06 11:27:38'),
(351, 12, 'Polio tetes 3', 60, '1983-10-19', '2024-05-06 11:27:38', '2024-05-06 11:27:38'),
(352, 12, 'DPT-HB-Hib 3', 51, '2015-12-17', '2024-05-06 11:27:38', '2024-05-06 11:27:38'),
(353, 12, 'JE', 47, '1977-09-10', '2024-05-06 11:27:38', '2024-05-06 11:27:38'),
(354, 12, 'Polio tetes 1', 41, '1971-08-14', '2024-05-06 11:27:38', '2024-05-06 11:27:38'),
(355, 12, 'JE', 32, '2021-09-07', '2024-05-06 11:27:38', '2024-05-06 11:27:38'),
(356, 12, 'Campak-Rubella', 59, '2014-06-11', '2024-05-06 11:27:38', '2024-05-06 11:27:38'),
(357, 12, 'DPT-HB-Hib 1', 51, '1971-08-31', '2024-05-06 11:27:38', '2024-05-06 11:27:38'),
(358, 12, 'Polio tetes 2', 23, '2010-08-21', '2024-05-06 11:27:38', '2024-05-06 11:27:38'),
(359, 12, 'Hepatitis B', 51, '1979-10-29', '2024-05-06 11:27:38', '2024-05-06 11:27:38'),
(360, 12, 'PCV 3', 59, '2004-07-30', '2024-05-06 11:27:38', '2024-05-06 11:27:38'),
(361, 13, 'DPT-HB-Hib 1', 35, '2008-09-07', '2024-05-06 11:27:38', '2024-05-06 11:27:38'),
(362, 13, 'PCV 3', 47, '1985-06-04', '2024-05-06 11:27:38', '2024-05-06 11:27:38'),
(363, 13, 'Polio tetes 4', 8, '2020-01-13', '2024-05-06 11:27:38', '2024-05-06 11:27:38'),
(364, 13, 'Polio tetes 1', 46, '2017-01-07', '2024-05-06 11:27:38', '2024-05-06 11:27:38'),
(365, 13, 'DPT-HB-Hib 2', 53, '1980-10-28', '2024-05-06 11:27:38', '2024-05-06 11:27:38'),
(366, 13, 'PCV 3', 29, '2010-09-13', '2024-05-06 11:27:38', '2024-05-06 11:27:38'),
(367, 13, 'BCG', 33, '1992-02-29', '2024-05-06 11:27:38', '2024-05-06 11:27:38'),
(368, 13, 'Campak-Rubella', 60, '1996-10-15', '2024-05-06 11:27:38', '2024-05-06 11:27:38'),
(369, 13, 'DPT-HB-Hib 2', 15, '1976-07-21', '2024-05-06 11:27:38', '2024-05-06 11:27:38'),
(370, 13, 'Polio tetes 2', 39, '2000-06-15', '2024-05-06 11:27:38', '2024-05-06 11:27:38'),
(371, 13, 'DPT-HB-Hib 3', 52, '2015-04-03', '2024-05-06 11:27:38', '2024-05-06 11:27:38'),
(372, 13, 'DPT-HB-Hib 3', 26, '2000-11-11', '2024-05-06 11:27:38', '2024-05-06 11:27:38'),
(373, 13, 'PCV 3', 43, '1976-02-29', '2024-05-06 11:27:38', '2024-05-06 11:27:38'),
(374, 13, 'BCG', 25, '1993-02-26', '2024-05-06 11:27:38', '2024-05-06 11:27:38'),
(375, 13, 'Campak-Rubella', 41, '1991-06-29', '2024-05-06 11:27:38', '2024-05-06 11:27:38'),
(376, 13, 'DPT-HB-Hib 2', 12, '1971-06-16', '2024-05-06 11:27:38', '2024-05-06 11:27:38'),
(377, 13, 'JE', 5, '2011-09-05', '2024-05-06 11:27:38', '2024-05-06 11:27:38'),
(378, 13, 'DPT-HB-Hib 1', 7, '2009-11-27', '2024-05-06 11:27:38', '2024-05-06 11:27:38'),
(379, 13, 'Polio tetes 1', 10, '2007-03-06', '2024-05-06 11:27:38', '2024-05-06 11:27:38'),
(380, 13, 'DPT-HB-Hib 1', 51, '1984-05-18', '2024-05-06 11:27:38', '2024-05-06 11:27:38'),
(381, 13, 'DPT-HB-Hib 3', 47, '2001-06-02', '2024-05-06 11:27:38', '2024-05-06 11:27:38'),
(382, 13, 'PCV 3', 33, '1989-05-15', '2024-05-06 11:27:38', '2024-05-06 11:27:38'),
(383, 13, 'Polio tetes 4', 10, '2014-02-01', '2024-05-06 11:27:38', '2024-05-06 11:27:38'),
(384, 13, 'PCV 1', 23, '1998-11-05', '2024-05-06 11:27:38', '2024-05-06 11:27:38'),
(385, 13, 'DPT-HB-Hib 3', 24, '2018-01-25', '2024-05-06 11:27:38', '2024-05-06 11:27:38'),
(386, 13, 'Hepatitis B', 28, '1992-05-20', '2024-05-06 11:27:38', '2024-05-06 11:27:38'),
(387, 13, 'BCG', 45, '1996-07-12', '2024-05-06 11:27:38', '2024-05-06 11:27:38'),
(388, 13, 'BCG', 1, '1973-04-05', '2024-05-06 11:27:38', '2024-05-06 11:27:38'),
(389, 13, 'Polio tetes 2', 3, '1990-05-17', '2024-05-06 11:27:38', '2024-05-06 11:27:38'),
(390, 13, 'Polio tetes 4', 32, '1986-04-17', '2024-05-06 11:27:38', '2024-05-06 11:27:38'),
(391, 14, 'PCV 1', 55, '2006-04-18', '2024-05-06 11:27:38', '2024-05-06 11:27:38'),
(392, 14, 'JE', 48, '1984-09-27', '2024-05-06 11:27:38', '2024-05-06 11:27:38'),
(393, 14, 'DPT-HB-Hib 2', 29, '1988-03-07', '2024-05-06 11:27:38', '2024-05-06 11:27:38'),
(394, 14, 'Hepatitis B', 43, '2021-10-29', '2024-05-06 11:27:38', '2024-05-06 11:27:38'),
(395, 14, 'JE', 57, '2024-02-18', '2024-05-06 11:27:38', '2024-05-06 11:27:38'),
(396, 14, 'Polio Suntik(IPV)', 43, '2008-09-26', '2024-05-06 11:27:38', '2024-05-06 11:27:38'),
(397, 14, 'DPT-HB-Hib 3', 1, '2011-04-11', '2024-05-06 11:27:38', '2024-05-06 11:27:38'),
(398, 14, 'DPT-HB-Hib 3', 46, '2022-06-02', '2024-05-06 11:27:38', '2024-05-06 11:27:38'),
(399, 14, 'DPT-HB-Hib 1', 30, '1982-05-26', '2024-05-06 11:27:38', '2024-05-06 11:27:38'),
(400, 14, 'BCG', 30, '1974-02-01', '2024-05-06 11:27:38', '2024-05-06 11:27:38'),
(401, 14, 'Campak-Rubella', 5, '2000-03-29', '2024-05-06 11:27:38', '2024-05-06 11:27:38'),
(402, 14, 'PCV 2', 10, '2024-01-21', '2024-05-06 11:27:38', '2024-05-06 11:27:38'),
(403, 14, 'JE', 57, '2000-07-10', '2024-05-06 11:27:38', '2024-05-06 11:27:38'),
(404, 14, 'PCV 2', 55, '1979-03-24', '2024-05-06 11:27:38', '2024-05-06 11:27:38'),
(405, 14, 'PCV 3', 57, '2020-01-06', '2024-05-06 11:27:38', '2024-05-06 11:27:38'),
(406, 14, 'PCV 2', 4, '1990-08-08', '2024-05-06 11:27:38', '2024-05-06 11:27:38'),
(407, 14, 'Campak-Rubella', 34, '1992-08-01', '2024-05-06 11:27:38', '2024-05-06 11:27:38'),
(408, 14, 'PCV 3', 17, '1988-07-06', '2024-05-06 11:27:38', '2024-05-06 11:27:38'),
(409, 14, 'DPT-HB-Hib 1', 34, '2023-07-17', '2024-05-06 11:27:38', '2024-05-06 11:27:38'),
(410, 14, 'Hepatitis B', 52, '1999-04-09', '2024-05-06 11:27:38', '2024-05-06 11:27:38'),
(411, 14, 'Polio tetes 3', 60, '2012-03-02', '2024-05-06 11:27:38', '2024-05-06 11:27:38'),
(412, 14, 'Polio tetes 2', 43, '2016-02-19', '2024-05-06 11:27:38', '2024-05-06 11:27:38'),
(413, 14, 'BCG', 6, '2019-01-22', '2024-05-06 11:27:38', '2024-05-06 11:27:38'),
(414, 14, 'DPT-HB-Hib 2', 8, '2005-11-05', '2024-05-06 11:27:38', '2024-05-06 11:27:38'),
(415, 14, 'Polio tetes 1', 59, '1980-05-01', '2024-05-06 11:27:38', '2024-05-06 11:27:38'),
(416, 14, 'Polio tetes 3', 1, '1995-07-06', '2024-05-06 11:27:38', '2024-05-06 11:27:38'),
(417, 14, 'DPT-HB-Hib 2', 42, '1981-05-05', '2024-05-06 11:27:38', '2024-05-06 11:27:38'),
(418, 14, 'Polio tetes 3', 16, '1975-11-26', '2024-05-06 11:27:38', '2024-05-06 11:27:38'),
(419, 14, 'Hepatitis B', 45, '2014-01-22', '2024-05-06 11:27:38', '2024-05-06 11:27:38'),
(420, 14, 'Hepatitis B', 13, '2003-01-24', '2024-05-06 11:27:38', '2024-05-06 11:27:38'),
(421, 15, 'Polio Suntik(IPV)', 57, '1973-11-11', '2024-05-06 11:27:38', '2024-05-06 11:27:38'),
(422, 15, 'BCG', 6, '2022-03-22', '2024-05-06 11:27:38', '2024-05-06 11:27:38'),
(423, 15, 'Polio tetes 1', 44, '1971-09-16', '2024-05-06 11:27:38', '2024-05-06 11:27:38'),
(424, 15, 'DPT-HB-Hib 2', 56, '1978-09-16', '2024-05-06 11:27:38', '2024-05-06 11:27:38'),
(425, 15, 'Campak-Rubella', 53, '1980-05-19', '2024-05-06 11:27:38', '2024-05-06 11:27:38'),
(426, 15, 'PCV 3', 14, '1984-05-27', '2024-05-06 11:27:38', '2024-05-06 11:27:38'),
(427, 15, 'Polio Suntik(IPV)', 22, '2010-11-03', '2024-05-06 11:27:38', '2024-05-06 11:27:38'),
(428, 15, 'Polio tetes 2', 49, '1981-05-22', '2024-05-06 11:27:38', '2024-05-06 11:27:38'),
(429, 15, 'JE', 15, '1983-08-12', '2024-05-06 11:27:38', '2024-05-06 11:27:38'),
(430, 15, 'Polio tetes 1', 28, '1972-03-31', '2024-05-06 11:27:38', '2024-05-06 11:27:38'),
(431, 15, 'DPT-HB-Hib 3', 15, '2019-01-19', '2024-05-06 11:27:38', '2024-05-06 11:27:38'),
(432, 15, 'JE', 53, '1971-02-23', '2024-05-06 11:27:38', '2024-05-06 11:27:38'),
(433, 15, 'Polio tetes 4', 32, '2004-12-11', '2024-05-06 11:27:38', '2024-05-06 11:27:38'),
(434, 15, 'PCV 2', 5, '1977-10-07', '2024-05-06 11:27:38', '2024-05-06 11:27:38'),
(435, 15, 'Campak-Rubella', 20, '1996-05-15', '2024-05-06 11:27:38', '2024-05-06 11:27:38'),
(436, 15, 'Campak-Rubella', 24, '1983-05-09', '2024-05-06 11:27:38', '2024-05-06 11:27:38'),
(437, 15, 'PCV 1', 42, '1981-02-03', '2024-05-06 11:27:38', '2024-05-06 11:27:38'),
(438, 15, 'DPT-HB-Hib 1', 20, '2002-05-02', '2024-05-06 11:27:38', '2024-05-06 11:27:38'),
(439, 15, 'PCV 1', 44, '1978-11-14', '2024-05-06 11:27:38', '2024-05-06 11:27:38'),
(440, 15, 'PCV 2', 19, '2012-03-26', '2024-05-06 11:27:38', '2024-05-06 11:27:38'),
(441, 15, 'Polio tetes 2', 48, '1976-06-20', '2024-05-06 11:27:38', '2024-05-06 11:27:38'),
(442, 15, 'PCV 2', 36, '1990-02-08', '2024-05-06 11:27:38', '2024-05-06 11:27:38'),
(443, 15, 'DPT-HB-Hib 3', 44, '1999-10-07', '2024-05-06 11:27:38', '2024-05-06 11:27:38'),
(444, 15, 'DPT-HB-Hib 3', 35, '2001-09-08', '2024-05-06 11:27:38', '2024-05-06 11:27:38'),
(445, 15, 'DPT-HB-Hib 2', 53, '2018-05-19', '2024-05-06 11:27:38', '2024-05-06 11:27:38'),
(446, 15, 'Polio tetes 2', 32, '2013-07-21', '2024-05-06 11:27:38', '2024-05-06 11:27:38'),
(447, 15, 'Hepatitis B', 21, '1984-03-25', '2024-05-06 11:27:38', '2024-05-06 11:27:38'),
(448, 15, 'Polio tetes 4', 57, '2024-02-25', '2024-05-06 11:27:38', '2024-05-06 11:27:38'),
(449, 15, 'Hepatitis B', 1, '2017-07-25', '2024-05-06 11:27:38', '2024-05-06 11:27:38'),
(450, 15, 'Polio Suntik(IPV)', 35, '2014-12-18', '2024-05-06 11:27:38', '2024-05-06 11:27:38'),
(451, 16, 'Campak-Rubella', 30, '2003-10-14', '2024-05-06 11:27:38', '2024-05-06 11:27:38'),
(452, 16, 'BCG', 47, '2014-06-18', '2024-05-06 11:27:38', '2024-05-06 11:27:38'),
(453, 16, 'Polio Suntik(IPV)', 13, '1983-04-08', '2024-05-06 11:27:38', '2024-05-06 11:27:38'),
(454, 16, 'Polio tetes 2', 48, '1972-04-02', '2024-05-06 11:27:38', '2024-05-06 11:27:38'),
(455, 16, 'Polio tetes 3', 16, '1994-10-28', '2024-05-06 11:27:38', '2024-05-06 11:27:38'),
(456, 16, 'Polio tetes 2', 18, '1983-02-04', '2024-05-06 11:27:38', '2024-05-06 11:27:38'),
(457, 16, 'JE', 26, '2010-04-28', '2024-05-06 11:27:38', '2024-05-06 11:27:38'),
(458, 16, 'Hepatitis B', 1, '2008-06-22', '2024-05-06 11:27:38', '2024-05-06 11:27:38'),
(459, 16, 'DPT-HB-Hib 2', 50, '1973-09-22', '2024-05-06 11:27:38', '2024-05-06 11:27:38'),
(460, 16, 'PCV 2', 8, '1984-07-25', '2024-05-06 11:27:38', '2024-05-06 11:27:38'),
(461, 16, 'DPT-HB-Hib 2', 2, '2007-08-08', '2024-05-06 11:27:38', '2024-05-06 11:27:38'),
(462, 16, 'Polio tetes 2', 48, '2003-05-15', '2024-05-06 11:27:38', '2024-05-06 11:27:38'),
(463, 16, 'PCV 3', 37, '1979-01-15', '2024-05-06 11:27:38', '2024-05-06 11:27:38'),
(464, 16, 'Polio tetes 3', 17, '2000-05-05', '2024-05-06 11:27:38', '2024-05-06 11:27:38'),
(465, 16, 'DPT-HB-Hib 3', 37, '1980-08-21', '2024-05-06 11:27:38', '2024-05-06 11:27:38'),
(466, 16, 'DPT-HB-Hib 2', 25, '1987-10-26', '2024-05-06 11:27:38', '2024-05-06 11:27:38'),
(467, 16, 'Polio tetes 1', 16, '1991-09-12', '2024-05-06 11:27:38', '2024-05-06 11:27:38'),
(468, 16, 'PCV 3', 40, '2001-10-31', '2024-05-06 11:27:38', '2024-05-06 11:27:38'),
(469, 16, 'PCV 2', 1, '1984-08-17', '2024-05-06 11:27:38', '2024-05-06 11:27:38'),
(470, 16, 'Campak-Rubella', 50, '2017-07-09', '2024-05-06 11:27:38', '2024-05-06 11:27:38'),
(471, 16, 'DPT-HB-Hib 2', 9, '2012-04-07', '2024-05-06 11:27:38', '2024-05-06 11:27:38'),
(472, 16, 'Polio tetes 1', 11, '2009-06-17', '2024-05-06 11:27:38', '2024-05-06 11:27:38'),
(473, 16, 'Polio tetes 3', 21, '2013-08-07', '2024-05-06 11:27:38', '2024-05-06 11:27:38'),
(474, 16, 'Polio tetes 1', 48, '2020-04-22', '2024-05-06 11:27:38', '2024-05-06 11:27:38'),
(475, 16, 'BCG', 22, '1976-01-16', '2024-05-06 11:27:38', '2024-05-06 11:27:38'),
(476, 16, 'JE', 15, '2023-03-19', '2024-05-06 11:27:38', '2024-05-06 11:27:38'),
(477, 16, 'Polio tetes 3', 14, '1992-09-14', '2024-05-06 11:27:38', '2024-05-06 11:27:38'),
(478, 16, 'BCG', 52, '1994-02-14', '2024-05-06 11:27:38', '2024-05-06 11:27:38'),
(479, 16, 'JE', 56, '1970-07-06', '2024-05-06 11:27:38', '2024-05-06 11:27:38'),
(480, 16, 'JE', 21, '1980-05-30', '2024-05-06 11:27:38', '2024-05-06 11:27:38'),
(481, 17, 'BCG', 7, '1991-03-31', '2024-05-06 11:27:38', '2024-05-06 11:27:38'),
(482, 17, 'Polio tetes 1', 42, '1999-05-20', '2024-05-06 11:27:38', '2024-05-06 11:27:38'),
(483, 17, 'PCV 1', 58, '2014-06-28', '2024-05-06 11:27:38', '2024-05-06 11:27:38'),
(484, 17, 'JE', 38, '2007-11-11', '2024-05-06 11:27:38', '2024-05-06 11:27:38'),
(485, 17, 'PCV 2', 32, '2008-12-21', '2024-05-06 11:27:38', '2024-05-06 11:27:38'),
(486, 17, 'Polio Suntik(IPV)', 36, '1974-01-10', '2024-05-06 11:27:38', '2024-05-06 11:27:38'),
(487, 17, 'BCG', 45, '1972-02-29', '2024-05-06 11:27:38', '2024-05-06 11:27:38'),
(488, 17, 'Polio Suntik(IPV)', 51, '2001-08-04', '2024-05-06 11:27:38', '2024-05-06 11:27:38'),
(489, 17, 'DPT-HB-Hib 3', 30, '2001-07-10', '2024-05-06 11:27:38', '2024-05-06 11:27:38'),
(490, 17, 'PCV 1', 10, '2017-11-30', '2024-05-06 11:27:38', '2024-05-06 11:27:38'),
(491, 17, 'Hepatitis B', 12, '2002-01-01', '2024-05-06 11:27:38', '2024-05-06 11:27:38'),
(492, 17, 'Polio tetes 1', 45, '2012-01-20', '2024-05-06 11:27:38', '2024-05-06 11:27:38'),
(493, 17, 'JE', 37, '2001-12-26', '2024-05-06 11:27:38', '2024-05-06 11:27:38'),
(494, 17, 'PCV 1', 34, '1973-01-26', '2024-05-06 11:27:38', '2024-05-06 11:27:38'),
(495, 17, 'Campak-Rubella', 9, '1973-03-02', '2024-05-06 11:27:38', '2024-05-06 11:27:38'),
(496, 17, 'Polio tetes 1', 44, '1986-09-13', '2024-05-06 11:27:38', '2024-05-06 11:27:38'),
(497, 17, 'Polio tetes 3', 48, '1991-10-06', '2024-05-06 11:27:38', '2024-05-06 11:27:38'),
(498, 17, 'Polio tetes 2', 57, '1998-01-09', '2024-05-06 11:27:38', '2024-05-06 11:27:38'),
(499, 17, 'PCV 2', 59, '2011-11-10', '2024-05-06 11:27:38', '2024-05-06 11:27:38'),
(500, 17, 'PCV 1', 39, '2008-08-14', '2024-05-06 11:27:38', '2024-05-06 11:27:38'),
(501, 17, 'Hepatitis B', 32, '1998-12-03', '2024-05-06 11:27:38', '2024-05-06 11:27:38'),
(502, 17, 'Polio tetes 4', 8, '2017-09-19', '2024-05-06 11:27:38', '2024-05-06 11:27:38'),
(503, 17, 'DPT-HB-Hib 3', 34, '1983-07-07', '2024-05-06 11:27:38', '2024-05-06 11:27:38'),
(504, 17, 'Polio tetes 3', 27, '2023-11-14', '2024-05-06 11:27:38', '2024-05-06 11:27:38'),
(505, 17, 'JE', 2, '1991-08-24', '2024-05-06 11:27:38', '2024-05-06 11:27:38'),
(506, 17, 'Polio tetes 1', 23, '2001-10-27', '2024-05-06 11:27:38', '2024-05-06 11:27:38'),
(507, 17, 'DPT-HB-Hib 1', 44, '1995-03-04', '2024-05-06 11:27:38', '2024-05-06 11:27:38'),
(508, 17, 'Campak-Rubella', 48, '2013-09-28', '2024-05-06 11:27:38', '2024-05-06 11:27:38'),
(509, 17, 'DPT-HB-Hib 1', 59, '2004-01-20', '2024-05-06 11:27:38', '2024-05-06 11:27:38'),
(510, 17, 'PCV 2', 30, '2013-01-22', '2024-05-06 11:27:38', '2024-05-06 11:27:38'),
(511, 18, 'Campak-Rubella', 21, '1998-03-06', '2024-05-06 11:27:38', '2024-05-06 11:27:38'),
(512, 18, 'PCV 3', 38, '1979-02-21', '2024-05-06 11:27:38', '2024-05-06 11:27:38'),
(513, 18, 'Polio tetes 2', 31, '1999-10-18', '2024-05-06 11:27:38', '2024-05-06 11:27:38'),
(514, 18, 'DPT-HB-Hib 2', 40, '1983-06-10', '2024-05-06 11:27:38', '2024-05-06 11:27:38'),
(515, 18, 'Polio tetes 2', 34, '2013-09-18', '2024-05-06 11:27:38', '2024-05-06 11:27:38'),
(516, 18, 'DPT-HB-Hib 3', 43, '2019-09-02', '2024-05-06 11:27:38', '2024-05-06 11:27:38'),
(517, 18, 'PCV 1', 54, '1990-07-25', '2024-05-06 11:27:38', '2024-05-06 11:27:38'),
(518, 18, 'PCV 2', 34, '2001-04-05', '2024-05-06 11:27:38', '2024-05-06 11:27:38'),
(519, 18, 'PCV 3', 17, '2021-10-19', '2024-05-06 11:27:38', '2024-05-06 11:27:38'),
(520, 18, 'Hepatitis B', 21, '1980-10-27', '2024-05-06 11:27:38', '2024-05-06 11:27:38'),
(521, 18, 'DPT-HB-Hib 2', 56, '2014-01-17', '2024-05-06 11:27:38', '2024-05-06 11:27:38'),
(522, 18, 'Polio tetes 2', 20, '2013-10-25', '2024-05-06 11:27:38', '2024-05-06 11:27:38'),
(523, 18, 'JE', 35, '1990-07-04', '2024-05-06 11:27:38', '2024-05-06 11:27:38'),
(524, 18, 'Polio tetes 2', 54, '2014-11-18', '2024-05-06 11:27:38', '2024-05-06 11:27:38'),
(525, 18, 'PCV 2', 31, '1991-05-13', '2024-05-06 11:27:38', '2024-05-06 11:27:38'),
(526, 18, 'Polio tetes 4', 43, '1997-02-20', '2024-05-06 11:27:38', '2024-05-06 11:27:38'),
(527, 18, 'PCV 3', 22, '1998-04-26', '2024-05-06 11:27:38', '2024-05-06 11:27:38'),
(528, 18, 'Campak-Rubella', 7, '1981-04-21', '2024-05-06 11:27:38', '2024-05-06 11:27:38'),
(529, 18, 'PCV 1', 51, '2001-06-04', '2024-05-06 11:27:38', '2024-05-06 11:27:38'),
(530, 18, 'Polio Suntik(IPV)', 49, '2020-09-01', '2024-05-06 11:27:38', '2024-05-06 11:27:38'),
(531, 18, 'Polio tetes 3', 24, '2004-06-26', '2024-05-06 11:27:38', '2024-05-06 11:27:38'),
(532, 18, 'Campak-Rubella', 8, '1997-11-22', '2024-05-06 11:27:38', '2024-05-06 11:27:38'),
(533, 18, 'DPT-HB-Hib 2', 15, '2014-11-28', '2024-05-06 11:27:38', '2024-05-06 11:27:38'),
(534, 18, 'Polio tetes 3', 14, '2002-06-10', '2024-05-06 11:27:38', '2024-05-06 11:27:38'),
(535, 18, 'DPT-HB-Hib 3', 60, '1973-11-02', '2024-05-06 11:27:38', '2024-05-06 11:27:38'),
(536, 18, 'JE', 30, '2019-09-28', '2024-05-06 11:27:38', '2024-05-06 11:27:38'),
(537, 18, 'Polio tetes 2', 22, '1986-02-09', '2024-05-06 11:27:38', '2024-05-06 11:27:38'),
(538, 18, 'BCG', 26, '2021-09-21', '2024-05-06 11:27:38', '2024-05-06 11:27:38'),
(539, 18, 'JE', 54, '1999-01-01', '2024-05-06 11:27:38', '2024-05-06 11:27:38'),
(540, 18, 'DPT-HB-Hib 2', 31, '2009-08-10', '2024-05-06 11:27:38', '2024-05-06 11:27:38'),
(541, 19, 'Campak-Rubella', 54, '2020-03-28', '2024-05-06 11:27:38', '2024-05-06 11:27:38'),
(542, 19, 'Polio tetes 1', 49, '1987-02-20', '2024-05-06 11:27:38', '2024-05-06 11:27:38'),
(543, 19, 'Polio tetes 4', 54, '2019-03-24', '2024-05-06 11:27:38', '2024-05-06 11:27:38'),
(544, 19, 'Campak-Rubella', 60, '2010-08-10', '2024-05-06 11:27:39', '2024-05-06 11:27:39'),
(545, 19, 'DPT-HB-Hib 1', 17, '1979-07-10', '2024-05-06 11:27:39', '2024-05-06 11:27:39'),
(546, 19, 'DPT-HB-Hib 2', 57, '1970-12-12', '2024-05-06 11:27:39', '2024-05-06 11:27:39'),
(547, 19, 'DPT-HB-Hib 1', 8, '1986-09-30', '2024-05-06 11:27:39', '2024-05-06 11:27:39'),
(548, 19, 'DPT-HB-Hib 1', 5, '2016-04-15', '2024-05-06 11:27:39', '2024-05-06 11:27:39'),
(549, 19, 'DPT-HB-Hib 1', 22, '2024-02-12', '2024-05-06 11:27:39', '2024-05-06 11:27:39'),
(550, 19, 'Polio tetes 4', 6, '1983-08-05', '2024-05-06 11:27:39', '2024-05-06 11:27:39'),
(551, 19, 'JE', 32, '1996-12-27', '2024-05-06 11:27:39', '2024-05-06 11:27:39'),
(552, 19, 'PCV 2', 52, '1999-09-24', '2024-05-06 11:27:39', '2024-05-06 11:27:39'),
(553, 19, 'Polio Suntik(IPV)', 28, '2009-11-26', '2024-05-06 11:27:39', '2024-05-06 11:27:39'),
(554, 19, 'PCV 1', 59, '1998-08-13', '2024-05-06 11:27:39', '2024-05-06 11:27:39'),
(555, 19, 'PCV 2', 50, '1978-07-17', '2024-05-06 11:27:39', '2024-05-06 11:27:39'),
(556, 19, 'Polio tetes 3', 33, '1976-04-11', '2024-05-06 11:27:39', '2024-05-06 11:27:39'),
(557, 19, 'PCV 2', 21, '2020-01-01', '2024-05-06 11:27:39', '2024-05-06 11:27:39'),
(558, 19, 'BCG', 17, '1979-09-24', '2024-05-06 11:27:39', '2024-05-06 11:27:39'),
(559, 19, 'DPT-HB-Hib 2', 35, '2009-10-15', '2024-05-06 11:27:39', '2024-05-06 11:27:39'),
(560, 19, 'DPT-HB-Hib 2', 46, '1977-02-17', '2024-05-06 11:27:39', '2024-05-06 11:27:39'),
(561, 19, 'Polio Suntik(IPV)', 31, '1972-05-06', '2024-05-06 11:27:39', '2024-05-06 11:27:39'),
(562, 19, 'DPT-HB-Hib 1', 11, '2008-09-02', '2024-05-06 11:27:39', '2024-05-06 11:27:39'),
(563, 19, 'JE', 32, '2021-06-21', '2024-05-06 11:27:39', '2024-05-06 11:27:39'),
(564, 19, 'JE', 28, '2023-01-02', '2024-05-06 11:27:39', '2024-05-06 11:27:39'),
(565, 19, 'DPT-HB-Hib 1', 10, '1984-03-25', '2024-05-06 11:27:39', '2024-05-06 11:27:39'),
(566, 19, 'PCV 3', 31, '1973-04-20', '2024-05-06 11:27:39', '2024-05-06 11:27:39'),
(567, 19, 'PCV 2', 49, '2003-02-11', '2024-05-06 11:27:39', '2024-05-06 11:27:39'),
(568, 19, 'Polio tetes 3', 44, '1982-02-12', '2024-05-06 11:27:39', '2024-05-06 11:27:39'),
(569, 19, 'Polio tetes 2', 24, '2010-01-07', '2024-05-06 11:27:39', '2024-05-06 11:27:39'),
(570, 19, 'PCV 1', 22, '1978-03-19', '2024-05-06 11:27:39', '2024-05-06 11:27:39'),
(571, 20, 'Polio tetes 2', 39, '1974-04-28', '2024-05-06 11:27:39', '2024-05-06 11:27:39'),
(572, 20, 'PCV 2', 45, '1985-01-11', '2024-05-06 11:27:39', '2024-05-06 11:27:39'),
(573, 20, 'DPT-HB-Hib 1', 16, '2002-05-04', '2024-05-06 11:27:39', '2024-05-06 11:27:39'),
(574, 20, 'BCG', 19, '1987-10-03', '2024-05-06 11:27:39', '2024-05-06 11:27:39'),
(575, 20, 'PCV 1', 56, '2006-07-12', '2024-05-06 11:27:39', '2024-05-06 11:27:39'),
(576, 20, 'BCG', 19, '1987-06-28', '2024-05-06 11:27:39', '2024-05-06 11:27:39'),
(577, 20, 'JE', 47, '1972-02-24', '2024-05-06 11:27:39', '2024-05-06 11:27:39'),
(578, 20, 'Polio tetes 4', 53, '1988-04-07', '2024-05-06 11:27:39', '2024-05-06 11:27:39'),
(579, 20, 'Polio tetes 2', 21, '1998-11-01', '2024-05-06 11:27:39', '2024-05-06 11:27:39');
INSERT INTO `imunisasis` (`id`, `anak_id`, `jenis_imunisasi`, `umur`, `tgl_imunisasi`, `created_at`, `updated_at`) VALUES
(580, 20, 'Polio tetes 2', 53, '2021-10-27', '2024-05-06 11:27:39', '2024-05-06 11:27:39'),
(581, 20, 'Campak-Rubella', 6, '2012-12-11', '2024-05-06 11:27:39', '2024-05-06 11:27:39'),
(582, 20, 'Polio tetes 3', 40, '1992-05-23', '2024-05-06 11:27:39', '2024-05-06 11:27:39'),
(583, 20, 'Polio tetes 4', 19, '1983-12-22', '2024-05-06 11:27:39', '2024-05-06 11:27:39'),
(584, 20, 'Polio tetes 2', 2, '2015-04-18', '2024-05-06 11:27:39', '2024-05-06 11:27:39'),
(585, 20, 'Polio Suntik(IPV)', 29, '2012-03-23', '2024-05-06 11:27:39', '2024-05-06 11:27:39'),
(586, 20, 'BCG', 9, '1991-07-19', '2024-05-06 11:27:39', '2024-05-06 11:27:39'),
(587, 20, 'Campak-Rubella', 5, '1986-05-06', '2024-05-06 11:27:39', '2024-05-06 11:27:39'),
(588, 20, 'PCV 1', 7, '1999-01-27', '2024-05-06 11:27:39', '2024-05-06 11:27:39'),
(589, 20, 'JE', 9, '2001-06-14', '2024-05-06 11:27:39', '2024-05-06 11:27:39'),
(590, 20, 'Polio tetes 1', 3, '2021-05-08', '2024-05-06 11:27:39', '2024-05-06 11:27:39'),
(591, 20, 'JE', 53, '1973-06-17', '2024-05-06 11:27:39', '2024-05-06 11:27:39'),
(592, 20, 'Hepatitis B', 2, '1999-04-18', '2024-05-06 11:27:39', '2024-05-06 11:27:39'),
(593, 20, 'Polio tetes 3', 54, '2003-12-18', '2024-05-06 11:27:39', '2024-05-06 11:27:39'),
(594, 20, 'DPT-HB-Hib 1', 35, '1983-06-24', '2024-05-06 11:27:39', '2024-05-06 11:27:39'),
(595, 20, 'Polio tetes 2', 48, '1987-10-26', '2024-05-06 11:27:39', '2024-05-06 11:27:39'),
(596, 20, 'JE', 48, '1977-02-24', '2024-05-06 11:27:39', '2024-05-06 11:27:39'),
(597, 20, 'JE', 21, '2014-08-18', '2024-05-06 11:27:39', '2024-05-06 11:27:39'),
(598, 20, 'Polio Suntik(IPV)', 7, '2014-09-25', '2024-05-06 11:27:39', '2024-05-06 11:27:39'),
(599, 20, 'PCV 3', 55, '1999-09-23', '2024-05-06 11:27:39', '2024-05-06 11:27:39'),
(600, 20, 'JE', 6, '1987-03-31', '2024-05-06 11:27:39', '2024-05-06 11:27:39'),
(601, 21, 'PCV 3', 59, '2014-08-11', '2024-05-06 11:27:39', '2024-05-06 11:27:39'),
(602, 21, 'PCV 2', 55, '2017-04-18', '2024-05-06 11:27:39', '2024-05-06 11:27:39'),
(603, 21, 'PCV 1', 43, '2014-02-21', '2024-05-06 11:27:39', '2024-05-06 11:27:39'),
(604, 21, 'PCV 3', 1, '1990-09-06', '2024-05-06 11:27:39', '2024-05-06 11:27:39'),
(605, 21, 'PCV 2', 47, '1977-04-01', '2024-05-06 11:27:39', '2024-05-06 11:27:39'),
(606, 21, 'PCV 2', 44, '2000-02-16', '2024-05-06 11:27:39', '2024-05-06 11:27:39'),
(607, 21, 'PCV 2', 32, '2020-09-05', '2024-05-06 11:27:39', '2024-05-06 11:27:39'),
(608, 21, 'DPT-HB-Hib 2', 14, '2015-11-19', '2024-05-06 11:27:39', '2024-05-06 11:27:39'),
(609, 21, 'JE', 12, '1985-12-03', '2024-05-06 11:27:39', '2024-05-06 11:27:39'),
(610, 21, 'BCG', 22, '1975-01-11', '2024-05-06 11:27:39', '2024-05-06 11:27:39'),
(611, 21, 'PCV 3', 32, '2004-12-15', '2024-05-06 11:27:39', '2024-05-06 11:27:39'),
(612, 21, 'Polio tetes 3', 43, '1991-07-20', '2024-05-06 11:27:39', '2024-05-06 11:27:39'),
(613, 21, 'DPT-HB-Hib 1', 13, '1990-10-30', '2024-05-06 11:27:39', '2024-05-06 11:27:39'),
(614, 21, 'Polio tetes 3', 33, '2000-06-12', '2024-05-06 11:27:39', '2024-05-06 11:27:39'),
(615, 21, 'DPT-HB-Hib 2', 47, '2014-11-18', '2024-05-06 11:27:39', '2024-05-06 11:27:39'),
(616, 21, 'DPT-HB-Hib 2', 1, '1991-07-02', '2024-05-06 11:27:39', '2024-05-06 11:27:39'),
(617, 21, 'Polio tetes 2', 51, '1972-10-10', '2024-05-06 11:27:39', '2024-05-06 11:27:39'),
(618, 21, 'PCV 2', 14, '2016-02-19', '2024-05-06 11:27:39', '2024-05-06 11:27:39'),
(619, 21, 'Campak-Rubella', 51, '1988-04-12', '2024-05-06 11:27:39', '2024-05-06 11:27:39'),
(620, 21, 'Polio tetes 4', 9, '1984-02-17', '2024-05-06 11:27:39', '2024-05-06 11:27:39'),
(621, 21, 'PCV 3', 34, '2009-05-05', '2024-05-06 11:27:39', '2024-05-06 11:27:39'),
(622, 21, 'Polio tetes 1', 28, '1991-12-08', '2024-05-06 11:27:39', '2024-05-06 11:27:39'),
(623, 21, 'BCG', 59, '2017-08-13', '2024-05-06 11:27:39', '2024-05-06 11:27:39'),
(624, 21, 'Campak-Rubella', 59, '1985-02-13', '2024-05-06 11:27:39', '2024-05-06 11:27:39'),
(625, 21, 'Polio tetes 2', 42, '1988-11-15', '2024-05-06 11:27:39', '2024-05-06 11:27:39'),
(626, 21, 'Polio Suntik(IPV)', 26, '2023-03-30', '2024-05-06 11:27:39', '2024-05-06 11:27:39'),
(627, 21, 'JE', 46, '1975-05-16', '2024-05-06 11:27:39', '2024-05-06 11:27:39'),
(628, 21, 'PCV 2', 44, '2014-05-09', '2024-05-06 11:27:39', '2024-05-06 11:27:39'),
(629, 21, 'Polio tetes 3', 44, '1994-04-22', '2024-05-06 11:27:39', '2024-05-06 11:27:39'),
(630, 21, 'JE', 12, '2012-12-11', '2024-05-06 11:27:39', '2024-05-06 11:27:39'),
(631, 22, 'Polio tetes 1', 35, '1980-04-20', '2024-05-06 11:27:39', '2024-05-06 11:27:39'),
(632, 22, 'Campak-Rubella', 25, '1996-03-17', '2024-05-06 11:27:39', '2024-05-06 11:27:39'),
(633, 22, 'BCG', 55, '1975-11-01', '2024-05-06 11:27:39', '2024-05-06 11:27:39'),
(634, 22, 'PCV 2', 29, '1992-08-09', '2024-05-06 11:27:39', '2024-05-06 11:27:39'),
(635, 22, 'DPT-HB-Hib 1', 6, '1970-03-01', '2024-05-06 11:27:39', '2024-05-06 11:27:39'),
(636, 22, 'Polio tetes 3', 12, '1990-08-30', '2024-05-06 11:27:39', '2024-05-06 11:27:39'),
(637, 22, 'PCV 3', 38, '1979-12-01', '2024-05-06 11:27:39', '2024-05-06 11:27:39'),
(638, 22, 'DPT-HB-Hib 1', 13, '1998-09-23', '2024-05-06 11:27:39', '2024-05-06 11:27:39'),
(639, 22, 'Polio tetes 2', 27, '2001-10-22', '2024-05-06 11:27:39', '2024-05-06 11:27:39'),
(640, 22, 'Polio tetes 4', 23, '2006-06-12', '2024-05-06 11:27:39', '2024-05-06 11:27:39'),
(641, 22, 'PCV 2', 27, '1994-07-22', '2024-05-06 11:27:39', '2024-05-06 11:27:39'),
(642, 22, 'Polio tetes 3', 26, '1981-09-26', '2024-05-06 11:27:39', '2024-05-06 11:27:39'),
(643, 22, 'DPT-HB-Hib 2', 58, '2010-08-21', '2024-05-06 11:27:39', '2024-05-06 11:27:39'),
(644, 22, 'BCG', 11, '1994-11-22', '2024-05-06 11:27:39', '2024-05-06 11:27:39'),
(645, 22, 'Polio tetes 4', 7, '1977-08-31', '2024-05-06 11:27:39', '2024-05-06 11:27:39'),
(646, 22, 'PCV 2', 34, '2018-02-03', '2024-05-06 11:27:39', '2024-05-06 11:27:39'),
(647, 22, 'Polio Suntik(IPV)', 51, '2021-10-01', '2024-05-06 11:27:39', '2024-05-06 11:27:39'),
(648, 22, 'Polio Suntik(IPV)', 46, '2001-10-06', '2024-05-06 11:27:39', '2024-05-06 11:27:39'),
(649, 22, 'DPT-HB-Hib 3', 60, '1972-05-04', '2024-05-06 11:27:39', '2024-05-06 11:27:39'),
(650, 22, 'Polio tetes 3', 47, '1984-06-28', '2024-05-06 11:27:39', '2024-05-06 11:27:39'),
(651, 22, 'PCV 3', 43, '1990-03-02', '2024-05-06 11:27:39', '2024-05-06 11:27:39'),
(652, 22, 'BCG', 22, '1996-11-06', '2024-05-06 11:27:39', '2024-05-06 11:27:39'),
(653, 22, 'Polio tetes 1', 41, '1976-10-28', '2024-05-06 11:27:39', '2024-05-06 11:27:39'),
(654, 22, 'JE', 41, '1989-02-17', '2024-05-06 11:27:39', '2024-05-06 11:27:39'),
(655, 22, 'Polio tetes 2', 27, '1977-06-19', '2024-05-06 11:27:39', '2024-05-06 11:27:39'),
(656, 22, 'Hepatitis B', 54, '2022-10-29', '2024-05-06 11:27:39', '2024-05-06 11:27:39'),
(657, 22, 'DPT-HB-Hib 3', 47, '1984-11-18', '2024-05-06 11:27:39', '2024-05-06 11:27:39'),
(658, 22, 'DPT-HB-Hib 2', 28, '1978-06-20', '2024-05-06 11:27:39', '2024-05-06 11:27:39'),
(659, 22, 'Polio tetes 1', 22, '1983-11-26', '2024-05-06 11:27:39', '2024-05-06 11:27:39'),
(660, 22, 'Polio tetes 3', 58, '2006-12-01', '2024-05-06 11:27:39', '2024-05-06 11:27:39'),
(661, 23, 'DPT-HB-Hib 1', 2, '1981-01-25', '2024-05-06 11:27:39', '2024-05-06 11:27:39'),
(662, 23, 'PCV 2', 43, '2019-08-14', '2024-05-06 11:27:39', '2024-05-06 11:27:39'),
(663, 23, 'PCV 2', 33, '1970-10-29', '2024-05-06 11:27:39', '2024-05-06 11:27:39'),
(664, 23, 'PCV 2', 16, '1980-07-16', '2024-05-06 11:27:39', '2024-05-06 11:27:39'),
(665, 23, 'Campak-Rubella', 16, '1981-08-19', '2024-05-06 11:27:39', '2024-05-06 11:27:39'),
(666, 23, 'DPT-HB-Hib 1', 9, '2023-08-17', '2024-05-06 11:27:39', '2024-05-06 11:27:39'),
(667, 23, 'Polio Suntik(IPV)', 58, '1985-05-27', '2024-05-06 11:27:39', '2024-05-06 11:27:39'),
(668, 23, 'PCV 1', 26, '1992-12-10', '2024-05-06 11:27:39', '2024-05-06 11:27:39'),
(669, 23, 'PCV 2', 2, '1981-05-12', '2024-05-06 11:27:39', '2024-05-06 11:27:39'),
(670, 23, 'Polio tetes 3', 49, '1978-01-25', '2024-05-06 11:27:39', '2024-05-06 11:27:39'),
(671, 23, 'Polio tetes 1', 12, '2000-06-14', '2024-05-06 11:27:39', '2024-05-06 11:27:39'),
(672, 23, 'Polio tetes 1', 23, '1976-10-31', '2024-05-06 11:27:39', '2024-05-06 11:27:39'),
(673, 23, 'PCV 2', 41, '1975-08-22', '2024-05-06 11:27:39', '2024-05-06 11:27:39'),
(674, 23, 'Polio tetes 4', 16, '1975-06-25', '2024-05-06 11:27:39', '2024-05-06 11:27:39'),
(675, 23, 'Polio tetes 4', 54, '1973-07-01', '2024-05-06 11:27:39', '2024-05-06 11:27:39'),
(676, 23, 'PCV 3', 33, '2014-03-05', '2024-05-06 11:27:39', '2024-05-06 11:27:39'),
(677, 23, 'Polio tetes 3', 12, '1972-12-09', '2024-05-06 11:27:39', '2024-05-06 11:27:39'),
(678, 23, 'Hepatitis B', 25, '2003-09-30', '2024-05-06 11:27:39', '2024-05-06 11:27:39'),
(679, 23, 'Polio tetes 1', 22, '2008-05-24', '2024-05-06 11:27:39', '2024-05-06 11:27:39'),
(680, 23, 'Polio tetes 3', 57, '2003-02-22', '2024-05-06 11:27:39', '2024-05-06 11:27:39'),
(681, 23, 'Polio Suntik(IPV)', 27, '1975-02-07', '2024-05-06 11:27:39', '2024-05-06 11:27:39'),
(682, 23, 'PCV 2', 24, '2005-10-21', '2024-05-06 11:27:39', '2024-05-06 11:27:39'),
(683, 23, 'Polio tetes 1', 60, '2019-10-01', '2024-05-06 11:27:39', '2024-05-06 11:27:39'),
(684, 23, 'Polio tetes 4', 38, '1983-07-23', '2024-05-06 11:27:39', '2024-05-06 11:27:39'),
(685, 23, 'PCV 2', 48, '2017-06-09', '2024-05-06 11:27:39', '2024-05-06 11:27:39'),
(686, 23, 'Polio tetes 2', 7, '2017-10-01', '2024-05-06 11:27:39', '2024-05-06 11:27:39'),
(687, 23, 'PCV 3', 13, '1993-06-03', '2024-05-06 11:27:39', '2024-05-06 11:27:39'),
(688, 23, 'Polio tetes 4', 8, '1983-03-23', '2024-05-06 11:27:39', '2024-05-06 11:27:39'),
(689, 23, 'Polio tetes 2', 2, '2011-05-05', '2024-05-06 11:27:39', '2024-05-06 11:27:39'),
(690, 23, 'DPT-HB-Hib 3', 10, '1992-12-04', '2024-05-06 11:27:39', '2024-05-06 11:27:39'),
(691, 24, 'BCG', 53, '2004-09-27', '2024-05-06 11:27:39', '2024-05-06 11:27:39'),
(692, 24, 'Campak-Rubella', 53, '2017-10-19', '2024-05-06 11:27:39', '2024-05-06 11:27:39'),
(693, 24, 'Polio tetes 4', 46, '1995-04-30', '2024-05-06 11:27:39', '2024-05-06 11:27:39'),
(694, 24, 'DPT-HB-Hib 3', 40, '2010-06-19', '2024-05-06 11:27:39', '2024-05-06 11:27:39'),
(695, 24, 'PCV 1', 20, '1971-08-06', '2024-05-06 11:27:39', '2024-05-06 11:27:39'),
(696, 24, 'Polio tetes 4', 3, '1998-08-21', '2024-05-06 11:27:39', '2024-05-06 11:27:39'),
(697, 24, 'DPT-HB-Hib 1', 37, '2016-07-17', '2024-05-06 11:27:39', '2024-05-06 11:27:39'),
(698, 24, 'Polio tetes 3', 12, '1981-10-21', '2024-05-06 11:27:39', '2024-05-06 11:27:39'),
(699, 24, 'PCV 2', 53, '1976-12-20', '2024-05-06 11:27:39', '2024-05-06 11:27:39'),
(700, 24, 'Polio tetes 1', 29, '1973-09-27', '2024-05-06 11:27:39', '2024-05-06 11:27:39'),
(701, 24, 'DPT-HB-Hib 1', 6, '1970-10-11', '2024-05-06 11:27:39', '2024-05-06 11:27:39'),
(702, 24, 'BCG', 37, '1993-11-27', '2024-05-06 11:27:39', '2024-05-06 11:27:39'),
(703, 24, 'PCV 2', 14, '1977-02-02', '2024-05-06 11:27:39', '2024-05-06 11:27:39'),
(704, 24, 'DPT-HB-Hib 2', 18, '1998-10-09', '2024-05-06 11:27:39', '2024-05-06 11:27:39'),
(705, 24, 'JE', 49, '1998-02-12', '2024-05-06 11:27:39', '2024-05-06 11:27:39'),
(706, 24, 'Polio tetes 4', 17, '2020-12-11', '2024-05-06 11:27:39', '2024-05-06 11:27:39'),
(707, 24, 'DPT-HB-Hib 3', 17, '2020-06-20', '2024-05-06 11:27:39', '2024-05-06 11:27:39'),
(708, 24, 'BCG', 30, '2000-12-29', '2024-05-06 11:27:39', '2024-05-06 11:27:39'),
(709, 24, 'Polio Suntik(IPV)', 2, '1991-04-16', '2024-05-06 11:27:39', '2024-05-06 11:27:39'),
(710, 24, 'PCV 3', 13, '1986-02-28', '2024-05-06 11:27:39', '2024-05-06 11:27:39'),
(711, 24, 'Polio tetes 2', 35, '1984-10-01', '2024-05-06 11:27:39', '2024-05-06 11:27:39'),
(712, 24, 'PCV 2', 37, '2019-11-09', '2024-05-06 11:27:39', '2024-05-06 11:27:39'),
(713, 24, 'Polio tetes 2', 27, '2001-06-21', '2024-05-06 11:27:39', '2024-05-06 11:27:39'),
(714, 24, 'Polio tetes 1', 43, '2014-08-05', '2024-05-06 11:27:39', '2024-05-06 11:27:39'),
(715, 24, 'Campak-Rubella', 2, '2021-11-10', '2024-05-06 11:27:39', '2024-05-06 11:27:39'),
(716, 24, 'Campak-Rubella', 34, '1974-08-03', '2024-05-06 11:27:39', '2024-05-06 11:27:39'),
(717, 24, 'DPT-HB-Hib 2', 52, '2000-03-23', '2024-05-06 11:27:39', '2024-05-06 11:27:39'),
(718, 24, 'DPT-HB-Hib 2', 1, '2019-08-17', '2024-05-06 11:27:39', '2024-05-06 11:27:39'),
(719, 24, 'Polio tetes 2', 11, '1989-11-10', '2024-05-06 11:27:39', '2024-05-06 11:27:39'),
(720, 24, 'DPT-HB-Hib 3', 21, '2018-07-21', '2024-05-06 11:27:39', '2024-05-06 11:27:39'),
(721, 25, 'PCV 3', 8, '1982-10-12', '2024-05-06 11:27:39', '2024-05-06 11:27:39'),
(722, 25, 'Hepatitis B', 54, '1982-05-14', '2024-05-06 11:27:39', '2024-05-06 11:27:39'),
(723, 25, 'BCG', 29, '1987-07-05', '2024-05-06 11:27:39', '2024-05-06 11:27:39'),
(724, 25, 'DPT-HB-Hib 3', 53, '2012-02-20', '2024-05-06 11:27:39', '2024-05-06 11:27:39'),
(725, 25, 'Polio tetes 4', 17, '2023-05-28', '2024-05-06 11:27:39', '2024-05-06 11:27:39'),
(726, 25, 'Campak-Rubella', 47, '1994-06-30', '2024-05-06 11:27:39', '2024-05-06 11:27:39'),
(727, 25, 'DPT-HB-Hib 1', 4, '2007-12-06', '2024-05-06 11:27:39', '2024-05-06 11:27:39'),
(728, 25, 'Polio tetes 3', 21, '1979-09-24', '2024-05-06 11:27:39', '2024-05-06 11:27:39'),
(729, 25, 'Hepatitis B', 11, '1994-07-18', '2024-05-06 11:27:39', '2024-05-06 11:27:39'),
(730, 25, 'PCV 2', 7, '2012-04-07', '2024-05-06 11:27:39', '2024-05-06 11:27:39'),
(731, 25, 'PCV 1', 23, '2018-06-07', '2024-05-06 11:27:39', '2024-05-06 11:27:39'),
(732, 25, 'BCG', 1, '1970-12-30', '2024-05-06 11:27:39', '2024-05-06 11:27:39'),
(733, 25, 'DPT-HB-Hib 2', 32, '1986-01-14', '2024-05-06 11:27:39', '2024-05-06 11:27:39'),
(734, 25, 'Polio tetes 4', 2, '1981-03-25', '2024-05-06 11:27:39', '2024-05-06 11:27:39'),
(735, 25, 'Polio Suntik(IPV)', 28, '2014-04-03', '2024-05-06 11:27:39', '2024-05-06 11:27:39'),
(736, 25, 'Polio tetes 3', 58, '2002-09-01', '2024-05-06 11:27:39', '2024-05-06 11:27:39'),
(737, 25, 'DPT-HB-Hib 2', 42, '1996-10-24', '2024-05-06 11:27:39', '2024-05-06 11:27:39'),
(738, 25, 'DPT-HB-Hib 1', 25, '1970-02-17', '2024-05-06 11:27:39', '2024-05-06 11:27:39'),
(739, 25, 'Polio tetes 4', 40, '2005-11-05', '2024-05-06 11:27:39', '2024-05-06 11:27:39'),
(740, 25, 'Polio tetes 2', 2, '1994-07-05', '2024-05-06 11:27:39', '2024-05-06 11:27:39'),
(741, 25, 'JE', 31, '1970-05-17', '2024-05-06 11:27:39', '2024-05-06 11:27:39'),
(742, 25, 'Campak-Rubella', 41, '1987-11-10', '2024-05-06 11:27:39', '2024-05-06 11:27:39'),
(743, 25, 'PCV 1', 2, '1971-07-03', '2024-05-06 11:27:39', '2024-05-06 11:27:39'),
(744, 25, 'PCV 3', 53, '1991-03-12', '2024-05-06 11:27:39', '2024-05-06 11:27:39'),
(745, 25, 'Polio tetes 1', 48, '2004-04-02', '2024-05-06 11:27:39', '2024-05-06 11:27:39'),
(746, 25, 'Polio tetes 4', 52, '1996-08-24', '2024-05-06 11:27:39', '2024-05-06 11:27:39'),
(747, 25, 'Polio tetes 4', 50, '2017-01-23', '2024-05-06 11:27:39', '2024-05-06 11:27:39'),
(748, 25, 'Polio tetes 4', 12, '1983-09-03', '2024-05-06 11:27:39', '2024-05-06 11:27:39'),
(749, 25, 'PCV 1', 58, '1976-08-31', '2024-05-06 11:27:39', '2024-05-06 11:27:39'),
(750, 25, 'JE', 17, '1972-11-20', '2024-05-06 11:27:39', '2024-05-06 11:27:39'),
(751, 26, 'Polio tetes 3', 53, '1986-03-17', '2024-05-06 11:27:39', '2024-05-06 11:27:39'),
(752, 26, 'Polio Suntik(IPV)', 45, '2021-06-03', '2024-05-06 11:27:39', '2024-05-06 11:27:39'),
(753, 26, 'Polio Suntik(IPV)', 6, '2015-01-21', '2024-05-06 11:27:39', '2024-05-06 11:27:39'),
(754, 26, 'DPT-HB-Hib 1', 51, '1985-06-17', '2024-05-06 11:27:39', '2024-05-06 11:27:39'),
(755, 26, 'Polio tetes 1', 38, '1994-02-27', '2024-05-06 11:27:39', '2024-05-06 11:27:39'),
(756, 26, 'PCV 2', 29, '2021-06-21', '2024-05-06 11:27:39', '2024-05-06 11:27:39'),
(757, 26, 'Hepatitis B', 39, '2023-11-13', '2024-05-06 11:27:39', '2024-05-06 11:27:39'),
(758, 26, 'Hepatitis B', 21, '2007-05-23', '2024-05-06 11:27:39', '2024-05-06 11:27:39'),
(759, 26, 'DPT-HB-Hib 3', 3, '2011-01-08', '2024-05-06 11:27:39', '2024-05-06 11:27:39'),
(760, 26, 'Polio tetes 3', 38, '1991-06-09', '2024-05-06 11:27:39', '2024-05-06 11:27:39'),
(761, 26, 'PCV 3', 8, '1990-10-30', '2024-05-06 11:27:39', '2024-05-06 11:27:39'),
(762, 26, 'Hepatitis B', 24, '2022-12-31', '2024-05-06 11:27:39', '2024-05-06 11:27:39'),
(763, 26, 'BCG', 44, '2003-09-25', '2024-05-06 11:27:39', '2024-05-06 11:27:39'),
(764, 26, 'DPT-HB-Hib 1', 46, '1995-02-22', '2024-05-06 11:27:39', '2024-05-06 11:27:39'),
(765, 26, 'DPT-HB-Hib 2', 26, '1974-10-17', '2024-05-06 11:27:39', '2024-05-06 11:27:39'),
(766, 26, 'DPT-HB-Hib 2', 23, '2014-02-19', '2024-05-06 11:27:39', '2024-05-06 11:27:39'),
(767, 26, 'DPT-HB-Hib 2', 9, '1999-04-28', '2024-05-06 11:27:39', '2024-05-06 11:27:39'),
(768, 26, 'Campak-Rubella', 34, '2006-06-18', '2024-05-06 11:27:39', '2024-05-06 11:27:39'),
(769, 26, 'JE', 52, '2007-08-08', '2024-05-06 11:27:39', '2024-05-06 11:27:39'),
(770, 26, 'Polio tetes 1', 8, '2017-02-24', '2024-05-06 11:27:39', '2024-05-06 11:27:39'),
(771, 26, 'PCV 2', 21, '2005-09-02', '2024-05-06 11:27:39', '2024-05-06 11:27:39'),
(772, 26, 'DPT-HB-Hib 3', 52, '1997-10-11', '2024-05-06 11:27:39', '2024-05-06 11:27:39'),
(773, 26, 'Polio tetes 2', 48, '1970-01-12', '2024-05-06 11:27:39', '2024-05-06 11:27:39'),
(774, 26, 'PCV 3', 59, '1987-09-25', '2024-05-06 11:27:39', '2024-05-06 11:27:39'),
(775, 26, 'DPT-HB-Hib 3', 27, '1997-12-20', '2024-05-06 11:27:39', '2024-05-06 11:27:39'),
(776, 26, 'DPT-HB-Hib 3', 55, '1996-05-11', '2024-05-06 11:27:39', '2024-05-06 11:27:39'),
(777, 26, 'Polio tetes 3', 36, '2018-06-09', '2024-05-06 11:27:39', '2024-05-06 11:27:39'),
(778, 26, 'DPT-HB-Hib 2', 28, '1999-02-25', '2024-05-06 11:27:39', '2024-05-06 11:27:39'),
(779, 26, 'Polio tetes 2', 47, '1999-12-08', '2024-05-06 11:27:39', '2024-05-06 11:27:39'),
(780, 26, 'PCV 1', 58, '1994-10-31', '2024-05-06 11:27:39', '2024-05-06 11:27:39'),
(781, 27, 'Polio tetes 4', 26, '2017-01-30', '2024-05-06 11:27:40', '2024-05-06 11:27:40'),
(782, 27, 'DPT-HB-Hib 1', 26, '2011-07-30', '2024-05-06 11:27:40', '2024-05-06 11:27:40'),
(783, 27, 'BCG', 19, '2022-05-01', '2024-05-06 11:27:40', '2024-05-06 11:27:40'),
(784, 27, 'JE', 39, '2012-04-06', '2024-05-06 11:27:40', '2024-05-06 11:27:40'),
(785, 27, 'Campak-Rubella', 2, '1972-04-05', '2024-05-06 11:27:40', '2024-05-06 11:27:40'),
(786, 27, 'Polio tetes 1', 47, '1990-03-13', '2024-05-06 11:27:40', '2024-05-06 11:27:40'),
(787, 27, 'DPT-HB-Hib 3', 28, '2015-07-28', '2024-05-06 11:27:40', '2024-05-06 11:27:40'),
(788, 27, 'Campak-Rubella', 47, '2015-06-16', '2024-05-06 11:27:40', '2024-05-06 11:27:40'),
(789, 27, 'Polio tetes 2', 40, '1996-08-14', '2024-05-06 11:27:40', '2024-05-06 11:27:40'),
(790, 27, 'Polio tetes 1', 50, '1977-09-29', '2024-05-06 11:27:40', '2024-05-06 11:27:40'),
(791, 27, 'Polio tetes 2', 46, '2019-03-05', '2024-05-06 11:27:40', '2024-05-06 11:27:40'),
(792, 27, 'DPT-HB-Hib 1', 31, '2011-01-07', '2024-05-06 11:27:40', '2024-05-06 11:27:40'),
(793, 27, 'Campak-Rubella', 46, '2012-12-01', '2024-05-06 11:27:40', '2024-05-06 11:27:40'),
(794, 27, 'DPT-HB-Hib 2', 11, '1977-04-06', '2024-05-06 11:27:40', '2024-05-06 11:27:40'),
(795, 27, 'PCV 1', 30, '2006-01-22', '2024-05-06 11:27:40', '2024-05-06 11:27:40'),
(796, 27, 'Hepatitis B', 14, '2005-04-30', '2024-05-06 11:27:40', '2024-05-06 11:27:40'),
(797, 27, 'Polio tetes 1', 8, '1973-05-09', '2024-05-06 11:27:40', '2024-05-06 11:27:40'),
(798, 27, 'Polio Suntik(IPV)', 37, '2000-11-30', '2024-05-06 11:27:40', '2024-05-06 11:27:40'),
(799, 27, 'Hepatitis B', 34, '1978-10-04', '2024-05-06 11:27:40', '2024-05-06 11:27:40'),
(800, 27, 'DPT-HB-Hib 1', 30, '2014-09-18', '2024-05-06 11:27:40', '2024-05-06 11:27:40'),
(801, 27, 'DPT-HB-Hib 1', 10, '1977-07-09', '2024-05-06 11:27:40', '2024-05-06 11:27:40'),
(802, 27, 'PCV 3', 40, '2018-01-24', '2024-05-06 11:27:40', '2024-05-06 11:27:40'),
(803, 27, 'BCG', 46, '1976-11-12', '2024-05-06 11:27:40', '2024-05-06 11:27:40'),
(804, 27, 'PCV 2', 24, '1989-11-02', '2024-05-06 11:27:40', '2024-05-06 11:27:40'),
(805, 27, 'BCG', 37, '2013-10-20', '2024-05-06 11:27:40', '2024-05-06 11:27:40'),
(806, 27, 'PCV 3', 58, '2012-02-02', '2024-05-06 11:27:40', '2024-05-06 11:27:40'),
(807, 27, 'Polio tetes 2', 24, '1985-11-21', '2024-05-06 11:27:40', '2024-05-06 11:27:40'),
(808, 27, 'PCV 2', 22, '2022-06-08', '2024-05-06 11:27:40', '2024-05-06 11:27:40'),
(809, 27, 'PCV 2', 43, '2013-05-15', '2024-05-06 11:27:40', '2024-05-06 11:27:40'),
(810, 27, 'Campak-Rubella', 2, '2016-10-11', '2024-05-06 11:27:40', '2024-05-06 11:27:40'),
(811, 28, 'Hepatitis B', 45, '2017-06-03', '2024-05-06 11:27:40', '2024-05-06 11:27:40'),
(812, 28, 'Polio tetes 3', 51, '2010-03-09', '2024-05-06 11:27:40', '2024-05-06 11:27:40'),
(813, 28, 'DPT-HB-Hib 2', 24, '1985-08-13', '2024-05-06 11:27:40', '2024-05-06 11:27:40'),
(814, 28, 'DPT-HB-Hib 2', 3, '1982-03-27', '2024-05-06 11:27:40', '2024-05-06 11:27:40'),
(815, 28, 'DPT-HB-Hib 1', 33, '2018-05-29', '2024-05-06 11:27:40', '2024-05-06 11:27:40'),
(816, 28, 'Polio tetes 2', 32, '1970-03-02', '2024-05-06 11:27:40', '2024-05-06 11:27:40'),
(817, 28, 'Polio tetes 1', 28, '1970-08-21', '2024-05-06 11:27:40', '2024-05-06 11:27:40'),
(818, 28, 'Polio Suntik(IPV)', 55, '1970-07-08', '2024-05-06 11:27:40', '2024-05-06 11:27:40'),
(819, 28, 'JE', 32, '1976-12-23', '2024-05-06 11:27:40', '2024-05-06 11:27:40'),
(820, 28, 'JE', 37, '2014-06-26', '2024-05-06 11:27:40', '2024-05-06 11:27:40'),
(821, 28, 'Polio tetes 4', 59, '1989-08-07', '2024-05-06 11:27:40', '2024-05-06 11:27:40'),
(822, 28, 'DPT-HB-Hib 3', 9, '1970-05-31', '2024-05-06 11:27:40', '2024-05-06 11:27:40'),
(823, 28, 'JE', 33, '2008-10-05', '2024-05-06 11:27:40', '2024-05-06 11:27:40'),
(824, 28, 'Hepatitis B', 52, '2002-05-31', '2024-05-06 11:27:40', '2024-05-06 11:27:40'),
(825, 28, 'Polio tetes 2', 49, '2015-01-21', '2024-05-06 11:27:40', '2024-05-06 11:27:40'),
(826, 28, 'PCV 2', 58, '2003-07-12', '2024-05-06 11:27:40', '2024-05-06 11:27:40'),
(827, 28, 'DPT-HB-Hib 2', 47, '1970-05-27', '2024-05-06 11:27:40', '2024-05-06 11:27:40'),
(828, 28, 'Polio tetes 4', 38, '2006-04-06', '2024-05-06 11:27:40', '2024-05-06 11:27:40'),
(829, 28, 'Polio tetes 3', 30, '2022-02-26', '2024-05-06 11:27:40', '2024-05-06 11:27:40'),
(830, 28, 'JE', 10, '2004-10-11', '2024-05-06 11:27:40', '2024-05-06 11:27:40'),
(831, 28, 'DPT-HB-Hib 2', 49, '1970-09-27', '2024-05-06 11:27:40', '2024-05-06 11:27:40'),
(832, 28, 'DPT-HB-Hib 3', 36, '1995-05-20', '2024-05-06 11:27:40', '2024-05-06 11:27:40'),
(833, 28, 'PCV 2', 58, '1989-06-17', '2024-05-06 11:27:40', '2024-05-06 11:27:40'),
(834, 28, 'DPT-HB-Hib 1', 17, '2009-04-05', '2024-05-06 11:27:40', '2024-05-06 11:27:40'),
(835, 28, 'DPT-HB-Hib 3', 13, '1980-02-07', '2024-05-06 11:27:40', '2024-05-06 11:27:40'),
(836, 28, 'DPT-HB-Hib 3', 50, '2021-04-25', '2024-05-06 11:27:40', '2024-05-06 11:27:40'),
(837, 28, 'Hepatitis B', 27, '1993-02-28', '2024-05-06 11:27:40', '2024-05-06 11:27:40'),
(838, 28, 'BCG', 15, '2012-11-04', '2024-05-06 11:27:40', '2024-05-06 11:27:40'),
(839, 28, 'Hepatitis B', 6, '1992-03-02', '2024-05-06 11:27:40', '2024-05-06 11:27:40'),
(840, 28, 'Polio tetes 3', 40, '1981-01-07', '2024-05-06 11:27:40', '2024-05-06 11:27:40'),
(841, 29, 'PCV 3', 36, '2004-05-19', '2024-05-06 11:27:40', '2024-05-06 11:27:40'),
(842, 29, 'Polio tetes 2', 25, '2005-04-26', '2024-05-06 11:27:40', '2024-05-06 11:27:40'),
(843, 29, 'DPT-HB-Hib 2', 12, '1981-08-18', '2024-05-06 11:27:40', '2024-05-06 11:27:40'),
(844, 29, 'PCV 2', 34, '1972-03-27', '2024-05-06 11:27:40', '2024-05-06 11:27:40'),
(845, 29, 'PCV 2', 23, '1975-05-22', '2024-05-06 11:27:40', '2024-05-06 11:27:40'),
(846, 29, 'DPT-HB-Hib 2', 13, '2017-03-26', '2024-05-06 11:27:40', '2024-05-06 11:27:40'),
(847, 29, 'DPT-HB-Hib 3', 57, '1984-02-14', '2024-05-06 11:27:40', '2024-05-06 11:27:40'),
(848, 29, 'BCG', 11, '2000-01-19', '2024-05-06 11:27:40', '2024-05-06 11:27:40'),
(849, 29, 'Campak-Rubella', 27, '2003-04-08', '2024-05-06 11:27:40', '2024-05-06 11:27:40'),
(850, 29, 'PCV 2', 16, '1997-02-03', '2024-05-06 11:27:40', '2024-05-06 11:27:40'),
(851, 29, 'BCG', 42, '2011-02-12', '2024-05-06 11:27:40', '2024-05-06 11:27:40'),
(852, 29, 'PCV 1', 53, '1999-04-24', '2024-05-06 11:27:40', '2024-05-06 11:27:40'),
(853, 29, 'Polio tetes 1', 33, '1997-03-11', '2024-05-06 11:27:40', '2024-05-06 11:27:40'),
(854, 29, 'DPT-HB-Hib 3', 42, '1997-07-16', '2024-05-06 11:27:40', '2024-05-06 11:27:40'),
(855, 29, 'DPT-HB-Hib 2', 23, '2020-09-03', '2024-05-06 11:27:40', '2024-05-06 11:27:40'),
(856, 29, 'PCV 2', 53, '2012-01-28', '2024-05-06 11:27:40', '2024-05-06 11:27:40'),
(857, 29, 'PCV 3', 30, '1993-06-28', '2024-05-06 11:27:40', '2024-05-06 11:27:40'),
(858, 29, 'PCV 2', 15, '2020-08-22', '2024-05-06 11:27:40', '2024-05-06 11:27:40'),
(859, 29, 'DPT-HB-Hib 3', 58, '2017-11-18', '2024-05-06 11:27:40', '2024-05-06 11:27:40'),
(860, 29, 'Polio Suntik(IPV)', 44, '1981-02-04', '2024-05-06 11:27:40', '2024-05-06 11:27:40'),
(861, 29, 'PCV 3', 52, '1987-06-05', '2024-05-06 11:27:40', '2024-05-06 11:27:40'),
(862, 29, 'Polio Suntik(IPV)', 55, '1976-08-21', '2024-05-06 11:27:40', '2024-05-06 11:27:40'),
(863, 29, 'PCV 3', 4, '1973-04-07', '2024-05-06 11:27:40', '2024-05-06 11:27:40'),
(864, 29, 'PCV 2', 29, '1992-09-11', '2024-05-06 11:27:40', '2024-05-06 11:27:40'),
(865, 29, 'DPT-HB-Hib 1', 53, '2015-07-14', '2024-05-06 11:27:40', '2024-05-06 11:27:40'),
(866, 29, 'DPT-HB-Hib 2', 4, '1986-02-17', '2024-05-06 11:27:40', '2024-05-06 11:27:40'),
(867, 29, 'PCV 3', 40, '2019-09-06', '2024-05-06 11:27:40', '2024-05-06 11:27:40'),
(868, 29, 'BCG', 43, '2022-03-05', '2024-05-06 11:27:40', '2024-05-06 11:27:40'),
(869, 29, 'PCV 1', 57, '1993-11-04', '2024-05-06 11:27:40', '2024-05-06 11:27:40'),
(870, 29, 'Hepatitis B', 34, '1993-09-18', '2024-05-06 11:27:40', '2024-05-06 11:27:40'),
(871, 30, 'PCV 1', 4, '1988-08-05', '2024-05-06 11:27:40', '2024-05-06 11:27:40'),
(872, 30, 'BCG', 57, '1985-08-06', '2024-05-06 11:27:40', '2024-05-06 11:27:40'),
(873, 30, 'Campak-Rubella', 3, '1987-03-20', '2024-05-06 11:27:40', '2024-05-06 11:27:40'),
(874, 30, 'DPT-HB-Hib 3', 49, '1998-10-09', '2024-05-06 11:27:40', '2024-05-06 11:27:40'),
(875, 30, 'JE', 47, '1998-03-03', '2024-05-06 11:27:40', '2024-05-06 11:27:40'),
(876, 30, 'Polio tetes 1', 57, '2004-12-05', '2024-05-06 11:27:40', '2024-05-06 11:27:40'),
(877, 30, 'DPT-HB-Hib 3', 44, '2022-05-19', '2024-05-06 11:27:40', '2024-05-06 11:27:40'),
(878, 30, 'PCV 1', 14, '1994-09-15', '2024-05-06 11:27:40', '2024-05-06 11:27:40'),
(879, 30, 'DPT-HB-Hib 1', 58, '1986-02-04', '2024-05-06 11:27:40', '2024-05-06 11:27:40'),
(880, 30, 'Polio tetes 2', 27, '2006-08-05', '2024-05-06 11:27:40', '2024-05-06 11:27:40'),
(881, 30, 'Polio tetes 4', 7, '1987-05-26', '2024-05-06 11:27:40', '2024-05-06 11:27:40'),
(882, 30, 'JE', 41, '1986-03-17', '2024-05-06 11:27:40', '2024-05-06 11:27:40'),
(883, 30, 'Polio tetes 4', 12, '1986-10-30', '2024-05-06 11:27:40', '2024-05-06 11:27:40'),
(884, 30, 'Campak-Rubella', 32, '1998-08-31', '2024-05-06 11:27:40', '2024-05-06 11:27:40'),
(885, 30, 'Polio tetes 1', 40, '1973-01-09', '2024-05-06 11:27:40', '2024-05-06 11:27:40'),
(886, 30, 'PCV 1', 36, '2002-10-07', '2024-05-06 11:27:40', '2024-05-06 11:27:40'),
(887, 30, 'DPT-HB-Hib 3', 4, '2013-06-26', '2024-05-06 11:27:40', '2024-05-06 11:27:40'),
(888, 30, 'Campak-Rubella', 18, '1988-06-27', '2024-05-06 11:27:40', '2024-05-06 11:27:40'),
(889, 30, 'DPT-HB-Hib 3', 3, '1988-03-05', '2024-05-06 11:27:40', '2024-05-06 11:27:40'),
(890, 30, 'DPT-HB-Hib 3', 59, '2002-01-24', '2024-05-06 11:27:40', '2024-05-06 11:27:40'),
(891, 30, 'DPT-HB-Hib 1', 39, '1992-06-21', '2024-05-06 11:27:40', '2024-05-06 11:27:40'),
(892, 30, 'PCV 1', 44, '1973-12-27', '2024-05-06 11:27:40', '2024-05-06 11:27:40'),
(893, 30, 'Polio Suntik(IPV)', 12, '1980-09-16', '2024-05-06 11:27:40', '2024-05-06 11:27:40'),
(894, 30, 'PCV 1', 44, '2013-01-05', '2024-05-06 11:27:40', '2024-05-06 11:27:40'),
(895, 30, 'DPT-HB-Hib 1', 21, '2021-04-05', '2024-05-06 11:27:40', '2024-05-06 11:27:40'),
(896, 30, 'BCG', 53, '2004-12-04', '2024-05-06 11:27:40', '2024-05-06 11:27:40'),
(897, 30, 'DPT-HB-Hib 2', 58, '1973-05-29', '2024-05-06 11:27:40', '2024-05-06 11:27:40'),
(898, 30, 'DPT-HB-Hib 1', 4, '2003-05-20', '2024-05-06 11:27:40', '2024-05-06 11:27:40'),
(899, 30, 'Polio tetes 1', 21, '1990-01-22', '2024-05-06 11:27:40', '2024-05-06 11:27:40'),
(900, 30, 'DPT-HB-Hib 2', 31, '2014-05-25', '2024-05-06 11:27:40', '2024-05-06 11:27:40');

-- --------------------------------------------------------

--
-- Table structure for table `jobs`
--

CREATE TABLE `jobs` (
  `id` bigint(20) UNSIGNED NOT NULL,
  `queue` varchar(255) NOT NULL,
  `payload` longtext NOT NULL,
  `attempts` tinyint(3) UNSIGNED NOT NULL,
  `reserved_at` int(10) UNSIGNED DEFAULT NULL,
  `available_at` int(10) UNSIGNED NOT NULL,
  `created_at` int(10) UNSIGNED NOT NULL
) ENGINE=InnoDB DEFAULT CHARSET=utf8mb4 COLLATE=utf8mb4_unicode_ci;

-- --------------------------------------------------------

--
-- Table structure for table `job_batches`
--

CREATE TABLE `job_batches` (
  `id` varchar(255) NOT NULL,
  `name` varchar(255) NOT NULL,
  `total_jobs` int(11) NOT NULL,
  `pending_jobs` int(11) NOT NULL,
  `failed_jobs` int(11) NOT NULL,
  `failed_job_ids` longtext NOT NULL,
  `options` mediumtext DEFAULT NULL,
  `cancelled_at` int(11) DEFAULT NULL,
  `created_at` int(11) NOT NULL,
  `finished_at` int(11) DEFAULT NULL
) ENGINE=InnoDB DEFAULT CHARSET=utf8mb4 COLLATE=utf8mb4_unicode_ci;

-- --------------------------------------------------------

--
-- Table structure for table `migrations`
--

CREATE TABLE `migrations` (
  `id` int(10) UNSIGNED NOT NULL,
  `migration` varchar(255) NOT NULL,
  `batch` int(11) NOT NULL
) ENGINE=InnoDB DEFAULT CHARSET=utf8mb4 COLLATE=utf8mb4_unicode_ci;

--
-- Dumping data for table `migrations`
--

INSERT INTO `migrations` (`id`, `migration`, `batch`) VALUES
(7, '0001_01_01_000000_create_users_table', 1),
(8, '0001_01_01_000001_create_cache_table', 1),
(9, '0001_01_01_000002_create_jobs_table', 1),
(10, '2024_04_24_123122_create_anaks_table', 1),
(11, '2024_04_29_073739_create_berats_table', 1),
(12, '2024_05_05_101828_create_imunisasis_table', 1);

-- --------------------------------------------------------

--
-- Table structure for table `password_reset_tokens`
--

CREATE TABLE `password_reset_tokens` (
  `email` varchar(255) NOT NULL,
  `token` varchar(255) NOT NULL,
  `created_at` timestamp NULL DEFAULT NULL
) ENGINE=InnoDB DEFAULT CHARSET=utf8mb4 COLLATE=utf8mb4_unicode_ci;

-- --------------------------------------------------------

--
-- Table structure for table `sessions`
--

CREATE TABLE `sessions` (
  `id` varchar(255) NOT NULL,
  `user_id` bigint(20) UNSIGNED DEFAULT NULL,
  `ip_address` varchar(45) DEFAULT NULL,
  `user_agent` text DEFAULT NULL,
  `payload` longtext NOT NULL,
  `last_activity` int(11) NOT NULL
) ENGINE=InnoDB DEFAULT CHARSET=utf8mb4 COLLATE=utf8mb4_unicode_ci;

-- --------------------------------------------------------

--
-- Table structure for table `users`
--

CREATE TABLE `users` (
  `id` bigint(20) UNSIGNED NOT NULL,
  `name` varchar(255) NOT NULL,
  `email` varchar(255) NOT NULL,
  `email_verified_at` timestamp NULL DEFAULT NULL,
  `password` varchar(255) NOT NULL,
  `remember_token` varchar(100) DEFAULT NULL,
  `created_at` timestamp NULL DEFAULT NULL,
  `updated_at` timestamp NULL DEFAULT NULL
) ENGINE=InnoDB DEFAULT CHARSET=utf8mb4 COLLATE=utf8mb4_unicode_ci;

--
-- Dumping data for table `users`
--

INSERT INTO `users` (`id`, `name`, `email`, `email_verified_at`, `password`, `remember_token`, `created_at`, `updated_at`) VALUES
(1, 'User', 'user@example.com', '2024-05-06 11:27:35', '$2y$12$rrhXAVRvLzR779HgiyRsIu4b4Ku7M89/75uS5fJKpehpLE0nK4u4S', 'gnQSWdRs2D', '2024-05-06 11:27:36', '2024-05-06 11:27:36');

--
-- Indexes for dumped tables
--

--
-- Indexes for table `anaks`
--
ALTER TABLE `anaks`
  ADD PRIMARY KEY (`id`);

--
-- Indexes for table `berats`
--
ALTER TABLE `berats`
  ADD PRIMARY KEY (`id`),
  ADD KEY `berats_anak_id_foreign` (`anak_id`);

--
-- Indexes for table `cache`
--
ALTER TABLE `cache`
  ADD PRIMARY KEY (`key`);

--
-- Indexes for table `cache_locks`
--
ALTER TABLE `cache_locks`
  ADD PRIMARY KEY (`key`);

--
-- Indexes for table `failed_jobs`
--
ALTER TABLE `failed_jobs`
  ADD PRIMARY KEY (`id`),
  ADD UNIQUE KEY `failed_jobs_uuid_unique` (`uuid`);

--
-- Indexes for table `imunisasis`
--
ALTER TABLE `imunisasis`
  ADD PRIMARY KEY (`id`),
  ADD KEY `imunisasis_anak_id_foreign` (`anak_id`);

--
-- Indexes for table `jobs`
--
ALTER TABLE `jobs`
  ADD PRIMARY KEY (`id`),
  ADD KEY `jobs_queue_index` (`queue`);

--
-- Indexes for table `job_batches`
--
ALTER TABLE `job_batches`
  ADD PRIMARY KEY (`id`);

--
-- Indexes for table `migrations`
--
ALTER TABLE `migrations`
  ADD PRIMARY KEY (`id`);

--
-- Indexes for table `password_reset_tokens`
--
ALTER TABLE `password_reset_tokens`
  ADD PRIMARY KEY (`email`);

--
-- Indexes for table `sessions`
--
ALTER TABLE `sessions`
  ADD PRIMARY KEY (`id`),
  ADD KEY `sessions_user_id_index` (`user_id`),
  ADD KEY `sessions_last_activity_index` (`last_activity`);

--
-- Indexes for table `users`
--
ALTER TABLE `users`
  ADD PRIMARY KEY (`id`),
  ADD UNIQUE KEY `users_email_unique` (`email`);

--
-- AUTO_INCREMENT for dumped tables
--

--
-- AUTO_INCREMENT for table `anaks`
--
ALTER TABLE `anaks`
  MODIFY `id` bigint(20) UNSIGNED NOT NULL AUTO_INCREMENT, AUTO_INCREMENT=31;

--
-- AUTO_INCREMENT for table `berats`
--
ALTER TABLE `berats`
  MODIFY `id` bigint(20) UNSIGNED NOT NULL AUTO_INCREMENT, AUTO_INCREMENT=901;

--
-- AUTO_INCREMENT for table `failed_jobs`
--
ALTER TABLE `failed_jobs`
  MODIFY `id` bigint(20) UNSIGNED NOT NULL AUTO_INCREMENT;

--
-- AUTO_INCREMENT for table `imunisasis`
--
ALTER TABLE `imunisasis`
  MODIFY `id` bigint(20) UNSIGNED NOT NULL AUTO_INCREMENT, AUTO_INCREMENT=901;

--
-- AUTO_INCREMENT for table `jobs`
--
ALTER TABLE `jobs`
  MODIFY `id` bigint(20) UNSIGNED NOT NULL AUTO_INCREMENT;

--
-- AUTO_INCREMENT for table `migrations`
--
ALTER TABLE `migrations`
  MODIFY `id` int(10) UNSIGNED NOT NULL AUTO_INCREMENT, AUTO_INCREMENT=13;

--
-- AUTO_INCREMENT for table `users`
--
ALTER TABLE `users`
  MODIFY `id` bigint(20) UNSIGNED NOT NULL AUTO_INCREMENT, AUTO_INCREMENT=2;

--
-- Constraints for dumped tables
--

--
-- Constraints for table `berats`
--
ALTER TABLE `berats`
  ADD CONSTRAINT `berats_anak_id_foreign` FOREIGN KEY (`anak_id`) REFERENCES `anaks` (`id`);

--
-- Constraints for table `imunisasis`
--
ALTER TABLE `imunisasis`
  ADD CONSTRAINT `imunisasis_anak_id_foreign` FOREIGN KEY (`anak_id`) REFERENCES `anaks` (`id`);
COMMIT;

/*!40101 SET CHARACTER_SET_CLIENT=@OLD_CHARACTER_SET_CLIENT */;
/*!40101 SET CHARACTER_SET_RESULTS=@OLD_CHARACTER_SET_RESULTS */;
/*!40101 SET COLLATION_CONNECTION=@OLD_COLLATION_CONNECTION */;
